sample,collection_date,location
1.05.23.PLJAN01.R1__NA__NA__230107_WW__00X,2023-01-01,Point Loma
1.05.23.PLJAN02.R1__NA__NA__230107_WW__00X,2023-01-02,Point Loma
1.05.23.PLJAN03.R1__NA__NA__230107_WW__00X,2023-01-03,Point Loma
1.05.23.SBJAN03.R2__NA__NA__230107_WW__00X,2023-01-03,South Bay
1.04.23.ENCJAN04.R1__NA__NA__230107_WW__00X,2023-01-04,Encina
1.05.23.PLJAN04.R1__NA__NA__230107_WW__00X,2023-01-04,Point Loma
1.10.23.ENCJAN05.R2__NA__NA__230112_WW__00X,2023-01-05,Encina
1.10.23.ENCJAN06.R1__NA__NA__230112_WW__00X,2023-01-06,Encina
1.12.23.PLJAN08.R1__NA__NA__230112_WW__00X,2023-01-08,Point Loma
1.10.23.ENCJAN09.R2__NA__NA__230112_WW__00X,2023-01-09,Encina
1.12.23.PLJAN09.R1__NA__NA__230112_WW__00X,2023-01-09,Point Loma
1.12.23.PLJAN10.R1__NA__NA__230112_WW__00X,2023-01-10,Point Loma
1.12.23.SBJAN10.R2__NA__NA__230112_WW__00X,2023-01-10,South Bay
1.12.23.PLJAN11.R1__NA__NA__230112_WW__00X,2023-01-11,Point Loma
1.18.23.ENCJAN13.R2__NA__NA__220120_WW__00X,2023-01-13,Encina
1.18.23.ENCJAN13.R2__NA__NA__230120_WW__00X,2023-01-13,Encina
1.19.23.SBJAN15.R1__NA__NA__230120_WW__00X,2023-01-15,South Bay
1.19.23.PLJAN15.R2__NA__NA__230120_WW__00X,2023-01-15,Point Loma
1.19.23.PLJAN16.R1__NA__NA__230120_WW__00X,2023-01-16,Point Loma
1.18.23.ENCJAN17.R2__NA__NA__230120_WW__00X,2023-01-17,Encina
1.19.23.SBJAN17.R2__NA__NA__230120_WW__00X,2023-01-17,South Bay
1.19.23.PLJAN17.R2__NA__NA__230120_WW__00X,2023-01-17,Point Loma
1.19.23.PLJAN18.R1__NA__NA__230120_WW__00X,2023-01-18,Point Loma
1.26.23.SBJAN19.R2__NA__NA__230127_WW__00X,2023-01-19,South Bay
1.24.23.ENCJAN19.R2__NA__NA__230127_WW__00X,2023-01-19,Encina
1.26.23.PLJAN22.R2__NA__NA__230127_WW__00X,2023-01-22,Point Loma
1.24.23.ENCJAN23.R2__NA__NA__230127_WW__00X,2023-01-23,Encina
1.26.23.SBJAN23.R2__NA__NA__230127_WW__00X,2023-01-23,South Bay
1.26.23.PLJAN23.R2__NA__NA__230127_WW__00X,2023-01-23,Point Loma
1.26.23.PLJAN24.R1__NA__NA__230127_WW__00X,2023-01-24,Point Loma
1.26.23.PLJAN25.R1__NA__NA__230127_WW__00X,2023-01-25,Point Loma
1.31.23.ENCJAN26.R2__NA__NA__230203_WW__00X,2023-01-26,Encina
2.03.23.SBJAN26.R2__NA__NA__230203_WW__00X,2023-01-26,South Bay
2.03.23.PLJAN29.R1__NA__NA__230303_WW__00X,2023-01-29,Point Loma
2.03.23.PLJAN29.R1__NA__NA__230203_reanalysis_WW__00X,2023-01-29,Point Loma
2.03.23.PLJAN30.R1__NA__NA__230203_WW__00X,2023-01-30,Point Loma
1.31.23.ENCJAN30.R2__NA__NA__230203_WW__00X,2023-01-30,Encina
2.03.23.SBJAN31.R2__NA__NA__230203_WW__00X,2023-01-31,South Bay
2.03.23.PLJAN31.R1__NA__NA__230203_WW__00X,2023-01-31,Point Loma
2.03.23.PLFEB01.R1__NA__NA__230203_WW__00X,2023-02-01,Point Loma
2.07.23.ENCFEB01.R1__NA__NA__230210_WW__00X,2023-02-01,Encina
2.10.23.SBFEB02.R1__NA__NA__230210_WW__00X,2023-02-02,South Bay
2.07.23.ENCFEB02.R1__NA__NA__230210_WW__00X,2023-02-02,Encina
2.10.23.SBFEB05.R1__NA__NA__230210_WW__00X,2023-02-05,South Bay
2.09.23.PLFEB05.R1__NA__NA__230210_WW__00X,2023-02-05,Point Loma
2.09.23.PLFEB06.R1__NA__NA__230210_WW__00X,2023-02-06,Point Loma
2.10.23.SBFEB07.R1__NA__NA__230210_WW__00X,2023-02-07,South Bay
2.14.23.ENCFEB08.rerun__NA__NA__230224_WW__00X,2023-02-08,Encina
2.14.23.ENCFEB08.R2__NA__NA__230217_WW__00X,2023-02-08,Encina
2.14.23.ENCFEB10.rerun__NA__NA__230224_WW__00X,2023-02-10,Encina
2.14.23.ENCFEB10.R2__NA__NA__230217_WW__00X,2023-02-10,Encina
2.15.23.PLFEB12.R2__NA__NA__230217_WW__00X,2023-02-12,Point Loma
2.15.23.PLFEB12.rerun__NA__NA__230224_WW__00X,2023-02-12,Point Loma
2.17.23.SBFEB12.R2__NA__NA__230217_WW__00X,2023-02-12,South Bay
2.17.23.SBFEB12.rerun__NA__NA__230224_WW__00X,2023-02-12,South Bay
2.15.23.PLFEB13.rerun__NA__NA__230224_WW__00X,2023-02-13,Point Loma
2.15.23.PLFEB13.R1__NA__NA__230217_WW__00X,2023-02-13,Point Loma
2.17.23.PLFEB14.rerun__NA__NA__230224_WW__00X,2023-02-14,Point Loma
2.22.23.ENCFEB14.R1__NA__NA__230224_WW__00X,2023-02-14,Encina
2.17.23.PLFEB14.R2__NA__NA__230217_WW__00X,2023-02-14,Point Loma
2.17.23.PLFEB15.rerun__NA__NA__230224_WW__00X,2023-02-15,Point Loma
2.17.23.PLFEB15.R1__NA__NA__230217_WW__00X,2023-02-15,Point Loma
2.17.23.SBFEB16.R2__NA__NA__230217_WW__00X,2023-02-16,South Bay
2.17.23.SBFEB16.rerun__NA__NA__230224_WW__00X,2023-02-16,South Bay
2.22.23.ENCFEB17.R2__NA__NA__230224_WW__00X,2023-02-17,Encina
2.24.23.SBFEB19.R1__NA__NA__230224_WW__00X,2023-02-19,South Bay
2.22.23.PLFEB19.R1.HELENA__NA__NA__230224_WW__00X,2023-02-19,Point Loma
2.22.23.PLFEB20.R1.HELENA__NA__NA__230224_WW__00X,2023-02-20,Point Loma
2.22.23.PLFEB21.R1__NA__NA__230224_WW__00X,2023-02-21,Point Loma
2.22.23.ENCFEB21.R2__NA__NA__230224_WW__00X,2023-02-21,Encina
2.24.23.SBFEB21.R1__NA__NA__230224_WW__00X,2023-02-21,South Bay
3.03.23.SBFEB23.R1__NA__NA__230303_WW__00X,2023-02-23,South Bay
3.01.23.PLFEB26.R2__NA__NA__230303_WW__00X,2023-02-26,Point Loma
3.01.23.ENCFEB27.R1__NA__NA__230303_WW__00X,2023-02-27,Encina
3.01.23.PLFEB27.R1__NA__NA__230303_WW__00X,2023-02-27,Point Loma
3.03.23.PLFEB28.R2__NA__NA__230303_WW__00X,2023-02-28,Point Loma
3.03.23.SBFEB28.R1__NA__NA__230303_WW__00X,2023-02-28,South Bay
3.03.23.PLMAR01.R1__NA__NA__230303_WW__00X,2023-03-01,Point Loma
3.01.23.ENCMAR01.R1__NA__NA__230303_WW__00X,2023-03-01,Encina
3.09.23.ENCMAR03.R2__NA__NA__230310_WW__00X,2023-03-03,Encina
3.08.23.PLMAR05.R2__NA__NA__230310_WW__00X,2023-03-05,Point Loma
3.10.23.SBMAR05.R1__NA__NA__230310_WW__00X,2023-03-05,South Bay
3.08.23.PLMAR06.R1__NA__NA__230310_WW__00X,2023-03-06,Point Loma
3.10.23.PLMAR07.R2__NA__NA__230310_WW__00X,2023-03-07,Point Loma
3.09.23.ENCMAR07.R2__NA__NA__230310_WW__00X,2023-03-07,Encina
3.10.23.PLMAR08.R2__NA__NA__230310_WW__00X,2023-03-08,Point Loma
3.10.23.SBMAR09.R1__NA__NA__230310_WW__00X,2023-03-09,South Bay
3.15.23.SBMAR12.R1__NA__NA__2300317_WW__00X,2023-03-12,South Bay
3.17.23.PLMAR12.R1__NA__NA__2300317_WW__00X,2023-03-12,Point Loma
3.17.23.PLMAR13.R2__NA__NA__2300317_WW__00X,2023-03-13,Point Loma
3.15.23.ENCMAR13.R1__NA__NA__2300317_WW__00X,2023-03-13,Encina
3.15.23.ENCMAR14.R2__NA__NA__2300317_WW__00X,2023-03-14,Encina
3.22.23.SBMAR14.R1.rerun2__NA__NA__230330_WW_rerun__00X,2023-03-14,South Bay
3.17.23.PLMAR14.R2__NA__NA__2300317_WW__00X,2023-03-14,Point Loma
3.17.23.PLMAR15.R1__NA__NA__2300317_WW__00X,2023-03-15,Point Loma
3.22.23.SBMAR16.R2.rerun2__NA__NA__230330_WW_rerun__00X,2023-03-16,South Bay
3.23.23.ENCMAR17.R2.rerun2__NA__NA__230330_WW_rerun__00X,2023-03-17,Encina
3.22.23.SBMAR19.R2.rerun__NA__NA__230330_WW_rerun__00X,2023-03-19,South Bay
3.29.23.PLMAR19.R1.rerun2__NA__NA__230330_WW_rerun__00X,2023-03-19,Point Loma
3.23.23.ENCMAR20.R2.rerun__NA__NA__230330_WW_rerun__00X,2023-03-20,Encina
3.29.23.PLMAR20.R1.rerun2__NA__NA__230330_WW_rerun__00X,2023-03-20,Point Loma
3.24.23.PLMAR21.R2.rerun2__NA__NA__230330_WW_rerun__00X,2023-03-21,Point Loma
3.29.23.SBMAR21.R1.rerun__NA__NA__230330_WW_rerun__00X,2023-03-21,South Bay
3.23.23.ENCMAR21.R1.rerun2__NA__NA__230330_WW_rerun__00X,2023-03-21,Encina
3.24.23.PLMAR22.R1.rerun2__NA__NA__230330_WW_rerun__00X,2023-03-22,Point Loma
3.29.23.PLMAR26.R1.rerun__NA__NA__230330_WW_rerun__00X,2023-03-26,Point Loma
3.31.23.PLMAR28.R1__NA__NA__230407_WW__00X,2023-03-28,Point Loma
3.31.23.PLMAR29.R2__NA__NA__230407_WW__00X,2023-03-29,Point Loma
4.05.23.SBMAR30.R2__NA__NA__230407_WW__00X,2023-03-30,South Bay
4.06.23.ENCMAR30.R2__NA__NA__230407_WW__00X,2023-03-30,Encina
4.05.23.PLAPR02.R1__NA__NA__230407_WW__00X,2023-04-02,Point Loma
4.05.23.PLAPR03.R1__NA__NA__230407_WW__00X,2023-04-03,Point Loma
4.06.23.ENCAPR04.R1__NA__NA__230407_WW__00X,2023-04-04,Encina
4.19.23.SBAPR04.R1__NA__NA__230502_WW__00X,2023-04-04,South Bay
4.07.23.PLAPR05.R2__NA__NA__230407_WW__00X,2023-04-05,Point Loma
4.12.23.ENCAPR06.R2__NA__NA__230414_WW__00X,2023-04-06,Encina
4.19.23.SBAPR09.R2__NA__NA__230502_WW__00X,2023-04-09,South Bay
4.12.23.PLAPR09.R1__NA__NA__230414_WW__00X,2023-04-09,Point Loma
4.12.23.PLAPR10.R1__NA__NA__230414_WW__00X,2023-04-10,Point Loma
4.14.23.PLAPR11.R2__NA__NA__230414_WW__00X,2023-04-11,Point Loma
4.12.23.ENCAPR11.R1__NA__NA__230414_WW__00X,2023-04-11,Encina
4.14.23.PLAPR12.R1__NA__NA__230414_WW__00X,2023-04-12,Point Loma
4.19.23.PLAPR16.R2__NA__NA__230502_WW__00X,2023-04-16,Point Loma
4.19.23.SBAPR16.R2__NA__NA__230502_WW__00X,2023-04-16,South Bay
4.19.23.PLAPR17.R1__NA__NA__230502_WW__00X,2023-04-17,Point Loma
4.26.23.SBAPR18.R2__NA__NA__230502_WW__00X,2023-04-18,South Bay
4.21.23.PLAPR18.R1__NA__NA__230502_WW__00X,2023-04-18,Point Loma
4.20.23.ENCAPR18.R1__NA__NA__230502_WW__00X,2023-04-18,Encina
4.21.23.PLAPR19.R2__NA__NA__230502_WW__00X,2023-04-19,Point Loma
4.27.23.ENCAPR20.R2__NA__NA__230502_WW__00X,2023-04-20,Encina
4.26.23.SBAPR20.R1__NA__NA__230502_WW__00X,2023-04-20,South Bay
4.26.23.PLAPR23.R2__NA__NA__230502_WW__00X,2023-04-23,Point Loma
4.27.23.ENCAPR24.R1__NA__NA__230502_WW__00X,2023-04-24,Encina
4.28.23.PLAPR25.R2__NA__NA__230502_WW__00X,2023-04-25,Point Loma
4.27.23.ENCAPR25.R1__NA__NA__230502_WW__00X,2023-04-25,Encina
4.28.23.PLAPR26.R1__NA__NA__230502_WW__00X,2023-04-26,Point Loma
5.03.23.SBAPR26.R1__NA__NA__230505_WW__00X,2023-04-26,South Bay
5.04.23.ENCAPR28.R1__NA__NA__230505_WW__00X,2023-04-28,Encina
5.03.23.SBAPR30.R2__NA__NA__230505_WW__00X,2023-04-30,South Bay
5.03.23.PLAPR30.R2__NA__NA__230505_WW__00X,2023-04-30,Point Loma
5.03.23.PLMAY01.R1__NA__NA__230505_WW__00X,2023-05-01,Point Loma
5.10.23.SBMAY02.R1__NA__NA__230512_WW__00X,2023-05-02,South Bay
5.04.23.ENCMAY02.R2__NA__NA__230505_WW__00X,2023-05-02,Encina
5.05.23.PLMAY02.R2__NA__NA__230505_WW__00X,2023-05-02,Point Loma
5.05.23.PLMAY03.R2__NA__NA__230505_WW__00X,2023-05-03,Point Loma
5.11.23.ENCMAY05.R2__NA__NA__230512_WW__00X,2023-05-05,Encina
5.10.23.PLMAY07.R2__NA__NA__230512_WW__00X,2023-05-07,Point Loma
5.10.23.SBMAY07.R2__NA__NA__230512_WW__00X,2023-05-07,South Bay
5.10.23.PLMAY08.R1__NA__NA__230512_WW__00X,2023-05-08,Point Loma
5.11.23.ENCMAY09.R2__NA__NA__230512_WW__00X,2023-05-09,Encina
5.17.23.SBMAY09.R2__NA__NA__230519_WW__00X,2023-05-09,South Bay
5.12.23.PLMAY09.R1__NA__NA__230512_WW__00X,2023-05-09,Point Loma
5.17.23.ENCMAY10.R2__NA__NA__230519_WW__00X,2023-05-10,Encina
5.12.23.PLMAY10.R1__NA__NA__230512_WW__00X,2023-05-10,Point Loma
5.17.23.ENCMAY12.R2__NA__NA__230519_WW__00X,2023-05-12,Encina
5.17.23.PLMAY14.R2__NA__NA__230519_WW__00X,2023-05-14,Point Loma
5.17.23.SBMAY14.R1__NA__NA__230519_WW__00X,2023-05-14,South Bay
5.17.23.PLMAY15.R1__NA__NA__230519_WW__00X,2023-05-15,Point Loma
5.19.23.PLMAY16.R2__NA__NA__230519_WW__00X,2023-05-16,Point Loma
5.19.23.PLMAY17.R1__NA__NA__230519_WW__00X,2023-05-17,Point Loma
5.24.23.ENCMAY18.R1__NA__NA__230526_WW__00X,2023-05-18,Encina
5.24.23.SBMAY18.R1__NA__NA__230526_WW__00X,2023-05-18,South Bay
5.24.23.PLMAY21.R1__NA__NA__230526_WW__00X,2023-05-21,Point Loma
5.24.23.SBMAY21.R1__NA__NA__230526_WW__00X,2023-05-21,South Bay
5.24.23.PLMAY22.R1__NA__NA__230526_WW__00X,2023-05-22,Point Loma
5.26.23.PLMAY23.R2__NA__NA__230526_WW__00X,2023-05-23,Point Loma
5.24.23.ENCMAY23.R1__NA__NA__230526_WW__00X,2023-05-23,Encina
5.26.23.PLMAY24.R1__NA__NA__230526_WW__00X,2023-05-24,Point Loma
5.31.23.SBMAY25.R1__NA__NA__230602_WW__00X,2023-05-25,South Bay
5.31.23.ENCMAY26.R2__NA__NA__230602_WW__00X,2023-05-26,Encina
5.31.23.PLMAY28.R1__NA__NA__230602_WW__00X,2023-05-28,Point Loma
5.31.23.SBMAY28.R1__NA__NA__230602_WW__00X,2023-05-28,South Bay
5.31.23.PLMAY29.R2__NA__NA__230602_WW__00X,2023-05-29,Point Loma
6.07.23.SBMAY30.R2__NA__NA__230609_WW__00X,2023-05-30,South Bay
6.02.23.PLMAY30.R2__NA__NA__230602_WW__00X,2023-05-30,Point Loma
5.31.23.ENCMAY30.R1__NA__NA__230602_WW__00X,2023-05-30,Encina
6.02.23.PLMAY31.R1__NA__NA__230602_WW__00X,2023-05-31,Point Loma
6.07.23.ENCMAY31.R2__NA__NA__230609_WW__00X,2023-05-31,Encina
6.07.23.PLJUN04.R1__NA__NA__230609_WW__00X,2023-06-04,Point Loma
6.07.23.SBJUN04.R1__NA__NA__230609_WW__00X,2023-06-04,South Bay
6.07.23.PLJUN05.R2__NA__NA__230609_WW__00X,2023-06-05,Point Loma
6.07.23.ENCJUN06.R2__NA__NA__230609_WW__00X,2023-06-06,Encina
6.09.23.PLJUN06.R1__NA__NA__230609_WW__00X,2023-06-06,Point Loma
6.09.23.PLJUN07.R2__NA__NA__230609_WW__00X,2023-06-07,Point Loma
6.14.23.SBJUN11.R2__NA__NA__230714_WW__00X,2023-06-11,South Bay
6.23.23.SBJUN13.R2__NA__NA__230714_WW__00X,2023-06-13,South Bay
6.23.23.SBJUN15.R2__NA__NA__230905_WW__00X,2023-06-15,South Bay
6.21.23.ENCJUN15.R2__NA__NA__230714_WW__00X,2023-06-15,Encina
6.21.23.ENCJUN16.R2__NA__NA__230714_WW__00X,2023-06-16,Encina
6.21.23.PLJUN18.R1__NA__NA__230714_WW__00X,2023-06-18,Point Loma
6.21.23.PLJUN19.R1__NA__NA__230714_WW__00X,2023-06-19,Point Loma
6.23.23.PLJUN20.R1__NA__NA__230714_WW__00X,2023-06-20,Point Loma
6.28.23.ENCJUN21.R1__NA__NA__230905_WW__00X,2023-06-21,Encina
6.23.23.PLJUN21.R2__NA__NA__230714_WW__00X,2023-06-21,Point Loma
6.28.23.ENCJUN22.R1__NA__NA__230905_WW__00X,2023-06-22,Encina
6.28.23.PLJUN25.R2__NA__NA__230905_WW__00X,2023-06-25,Point Loma
6.28.23.PLJUN26.R2__NA__NA__230905_WW__00X,2023-06-26,Point Loma
7.07.23.SBJUN27.R1__NA__NA__230905_WW__00X,2023-06-27,South Bay
6.30.23.PLJUN27.R2__NA__NA__230905_WW__00X,2023-06-27,Point Loma
7.07.23.ENCJUN28.R1__NA__NA__230905_WW__00X,2023-06-28,Encina
6.30.23.PLJUN28.R1__NA__NA__230905_WW__00X,2023-06-28,Point Loma
7.07.23.SBJUL02.R2__NA__NA__230905_WW__00X,2023-07-02,South Bay
7.07.23.PLJUL02.R1__NA__NA__230905_WW__00X,2023-07-02,Point Loma
7.07.23.PLJUL03.R2__NA__NA__230905_WW__00X,2023-07-03,Point Loma
7.07.23.SBJUL04.R2__NA__NA__230905_WW__00X,2023-07-04,South Bay
7.10.23.PLJUL04.R1__NA__NA__230905_WW__00X,2023-07-04,Point Loma
7.10.23.PLJUL05.R1__NA__NA__230905_WW__00X,2023-07-05,Point Loma
7.12.23.SBJUL06.R2__NA__NA__230911_WW__00X,2023-07-06,South Bay
7.07.23.ENCJUL06.R1__NA__NA__230905_WW__00X,2023-07-06,Encina
7.12.23.ENCJUL07.R2__NA__NA__230911_WW__00X,2023-07-07,Encina
7.13.23.PLJUL09.R1__NA__NA__230911_WW__00X,2023-07-09,Point Loma
7.12.23.SBJUL09.R2__NA__NA__230911_WW__00X,2023-07-09,South Bay
7.13.23.PLJUL10.R1__NA__NA__230911_WW__00X,2023-07-10,Point Loma
7.14.23.PLJUL11.R1__NA__NA__230911_WW__00X,2023-07-11,Point Loma
7.12.23.ENCJUL11.R1__NA__NA__230911_WW__00X,2023-07-11,Encina
7.14.23.PLJUL12.R1__NA__NA__230901_WW__00X,2023-07-12,Point Loma
7.19.23.SBJUL13.R1__NA__NA__230901_WW__00X,2023-07-13,South Bay
7.19.23.ENCJUL14.R1__NA__NA__230901_WW__00X,2023-07-14,Encina
7.19.23.SBJUL16.R2__NA__NA__230901_WW__00X,2023-07-16,South Bay
7.19.23.PLJUL16.R1__NA__NA__230901_WW__00X,2023-07-16,Point Loma
7.19.23.PLJUL17.R1__NA__NA__230901_WW__00X,2023-07-17,Point Loma
7.19.23.ENCJUL17.R1__NA__NA__230901_WW__00X,2023-07-17,Encina
7.26.23.PLJUL18.R1__NA__NA__230816_WW__00X,2023-07-18,Point Loma
7.26.23.SBJUL18.R2__NA__NA__230816_WW__00X,2023-07-18,South Bay
9.05.23.PLJUL19.R1__NA__NA__230911_WW__00X,2023-07-19,Point Loma
7.26.23.ENCJUL20.R1__NA__NA__230816_WW__00X,2023-07-20,Encina
7.26.23.PLJUL23.R2__NA__NA__230816_WW__00X,2023-07-23,Point Loma
7.26.23.SBJUL23.R1__NA__NA__230816_WW__00X,2023-07-23,South Bay
7.26.23.PLJUL24.R2__NA__NA__230816_WW__00X,2023-07-24,Point Loma
7.26.23.ENCJUL25.R2__NA__NA__230816_WW__00X,2023-07-25,Encina
7.28.23.PLJUL25.R2__NA__NA__230816_WW__00X,2023-07-25,Point Loma
7.28.23.PLJUL26.R2__NA__NA__230816_WW__00X,2023-07-26,Point Loma
8.09.23.SBAUG03.R1__NA__NA__230816_WW__00X,2023-08-03,South Bay
8.11.23.ENCAUG03.R2__NA__NA__230816_WW__00X,2023-08-03,Encina
8.11.23.ENCAUG03.R2.rerun__NA__NA__230926_WW__00X,2023-08-03,Encina
8.11.23.ENCAUG04.R2__NA__NA__230816_WW__00X,2023-08-04,Encina
8.11.23.ENCAUG04.R2.rerun__NA__NA__230926_WW__00X,2023-08-04,Encina
8.09.23.PLAUG06.R2__NA__NA__230816_WW__00X,2023-08-06,Point Loma
8.09.23.PLAUG07.R1__NA__NA__230816_WW__00X,2023-08-07,Point Loma
8.11.23.PLAUG08.R1__NA__NA__230901_WW__00X,2023-08-08,Point Loma
8.09.23.SBAUG08.R1__NA__NA__230816_WW__00X,2023-08-08,South Bay
8.11.23.PLAUG09.R2__NA__NA__230816_WW__00X,2023-08-09,Point Loma
8.11.23.PLAUG09.R2.rerun__NA__NA__230926_WW__00X,2023-08-09,Point Loma
8.23.23.PLAUG20.R1.rerun__NA__NA__231023_WW__00X,2023-08-20,Point Loma
8.23.23.PLAUG21.R1.rerun__NA__NA__231023_WW__00X,2023-08-21,Point Loma
8.25.23.PLAUG22.R2.rerun__NA__NA__231023_WW__00X,2023-08-22,Point Loma
8.30.23.ENCAUG23.R2.rerun__NA__NA__230926_WW__00X,2023-08-23,Encina
8.30.23.ENCAUG23.R1__NA__NA__230901_WW__00X,2023-08-23,Encina
8.25.23.PLAUG23.R1.rerun__NA__NA__231023_WW__00X,2023-08-23,Point Loma
8.30.23.PLAUG27.R2__NA__NA__230901_WW__00X,2023-08-27,Point Loma
8.30.23.PLAUG27.R2.rerun__NA__NA__231023_WW__00X,2023-08-27,Point Loma
8.30.23.SBAUG27.R1__NA__NA__230901_WW__00X,2023-08-27,South Bay
8.30.23.PLAUG28.R2__NA__NA__230901_WW__00X,2023-08-28,Point Loma
8.30.23.ENCAUG28.R2__NA__NA__230901_WW__00X,2023-08-28,Encina
8.30.23.SBAUG29.R1__NA__NA__230901_WW__00X,2023-08-29,South Bay
9.01.23.PLAUG29.R1__NA__NA__230901_WW__00X,2023-08-29,Point Loma
9.06.23.ENCAUG30.R1__NA__NA__230911_WW__00X,2023-08-30,Encina
9.01.23.PLAUG30.R1__NA__NA__230901_WW__00X,2023-08-30,Point Loma
9.06.23.PLSEP03.R2__NA__NA__230911_WW__00X,2023-09-03,Point Loma
9.06.23.SBSEP03.R2__NA__NA__230911_WW__00X,2023-09-03,South Bay
9.06.23.PLSEP04.R2__NA__NA__230911_WW__00X,2023-09-04,Point Loma
9.06.23.ENCSEP05.R1__NA__NA__230911_WW__00X,2023-09-05,Encina
9.08.23.PLSEP05.R2__NA__NA__230911_WW__00X,2023-09-05,Point Loma
9.06.23.SBSEP05.R2__NA__NA__230911_WW__00X,2023-09-05,South Bay
9.08.23.PLSEP06.R1__NA__NA__230911_WW__00X,2023-09-06,Point Loma
9.13.23.ENCSEP06.R2__NA__NA__230922_WW__00X,2023-09-06,Encina
9.13.23.SBSEP07.R1__NA__NA__230922_WW__00X,2023-09-07,South Bay
9.13.23.PLSEP10.R1__NA__NA__230922_WW__00X,2023-09-10,Point Loma
9.13.23.PLSEP11.R2__NA__NA__230922_WW__00X,2023-09-11,Point Loma
9.13.23.ENCSEP12.R1__NA__NA__230922_WW__00X,2023-09-12,Encina
9.13.23.SBSEP12.R2__NA__NA__230922_WW__00X,2023-09-12,South Bay
9.15.23.PLSEP12.R1__NA__NA__230922_WW__00X,2023-09-12,Point Loma
9.15.23.PLSEP13.R2__NA__NA__230922_WW__00X,2023-09-13,Point Loma
9.20.23.SBSEP14.R1__NA__NA__230929_WW__00X,2023-09-14,South Bay
9.20.23.ENCSEP15.R1__NA__NA__230929_WW__00X,2023-09-15,Encina
9.20.23.PLSEP17.R1__NA__NA__230929_WW__00X,2023-09-17,Point Loma
9.20.23.PLSEP18.R1__NA__NA__230929_WW__00X,2023-09-18,Point Loma
9.22.23.PLSEP19.R1__NA__NA__230929_WW__00X,2023-09-19,Point Loma
9.20.23.ENCSEP19.R1__NA__NA__230929_WW__00X,2023-09-19,Encina
9.20.23.SBSEP19.R2__NA__NA__230929_WW__00X,2023-09-19,South Bay
9.22.23.PLSEP20.R1__NA__NA__230929_WW__00X,2023-09-20,Point Loma
9.27.23.ENCSEP21.R2__NA__NA__230929_WW__00X,2023-09-21,Encina
9.27.23.SBSEP21.R2__NA__NA__230929_WW__00X,2023-09-21,South Bay
9.27.23.SBSEP24.R2__NA__NA__230929_WW__00X,2023-09-24,South Bay
9.27.23.PLSEP24.R2__NA__NA__230929_WW__00X,2023-09-24,Point Loma
9.27.23.PLSEP25.R1__NA__NA__230929_WW__00X,2023-09-25,Point Loma
9.27.23.ENCSEP25.R2__NA__NA__230929_WW__00X,2023-09-25,Encina
9.29.23.PLSEP26.R1__NA__NA__230929_WW__00X,2023-09-26,Point Loma
9.29.23.PLSEP27.R1__NA__NA__230929_WW__00X,2023-09-27,Point Loma
10.04.23.ENCSEP27.R2__NA__NA__231006_WW__00X,2023-09-27,Encina
10.04.23.SBSEP28.R2__NA__NA__231006_WW__00X,2023-09-28,South Bay
10.04.23.PLOCT01.R1__NA__NA__231006_WW__00X,2023-10-01,Point Loma
10.04.23.SBOCT01.R1__NA__NA__231006_WW__00X,2023-10-01,South Bay
10.04.23.PLOCT02.R1__NA__NA__231006_WW__00X,2023-10-02,Point Loma
10.04.23.ENCOCT02.R2__NA__NA__231006_WW__00X,2023-10-02,Encina
10.06.23.PLOCT03.R2__NA__NA__231006_WW__00X,2023-10-03,Point Loma
10.06.23.PLOCT04.R1__NA__NA__231006_WW__00X,2023-10-04,Point Loma
10.11.23.ENCOCT05.R2.rerun__NA__NA__231023_WW__00X,2023-10-05,Encina
10.11.23.SBOCT05.R1.rerun__NA__NA__231023_WW__00X,2023-10-05,South Bay
10.11.23.PLOCT08.R1.rerun__NA__NA__231023_WW__00X,2023-10-08,Point Loma
10.11.23.SBOCT08.R1.rerun__NA__NA__231023_WW__00X,2023-10-08,South Bay
10.11.23.ENCOCT09.R2.rerun__NA__NA__231023_WW__00X,2023-10-09,Encina
10.11.23.PLOCT09.R2.rerun__NA__NA__231023_WW__00X,2023-10-09,Point Loma
10.13.23.PLOCT10.R2.rerun__NA__NA__231023_WW__00X,2023-10-10,Point Loma
10.13.23.PLOCT11.R2.rerun__NA__NA__231023_WW__00X,2023-10-11,Point Loma
10.18.23.ENCOCT13.R2__NA__NA__231027_WW__00X,2023-10-13,Encina
10.18.23.SBOCT15.R1__NA__NA__231027_WW__00X,2023-10-15,South Bay
10.18.23.PLOCT15.R2__NA__NA__231027_WW__00X,2023-10-15,Point Loma
10.18.23.ENCOCT16.R1__NA__NA__231027_WW__00X,2023-10-16,Encina
10.18.23.PLOCT16.R2__NA__NA__231027_WW__00X,2023-10-16,Point Loma
10.18.23.SBOCT17.R1__NA__NA__231027_WW__00X,2023-10-17,South Bay
10.20.23.PLOCT17.R2__NA__NA__231027_WW__00X,2023-10-17,Point Loma
10.20.23.PLOCT18.R2__NA__NA__231027_WW__00X,2023-10-18,Point Loma
10.25.23.SBOCT19.R1__NA__NA__231027_WW__00X,2023-10-19,South Bay
10.25.23.ENCOCT19.R2__NA__NA__231027_WW__00X,2023-10-19,Encina
10.25.23.ENCOCT20.R2__NA__NA__231027_WW__00X,2023-10-20,Encina
10.25.23.PLOCT22.R2__NA__NA__231027_WW__00X,2023-10-22,Point Loma
10.25.23.PLOCT23.R2__NA__NA__231027_WW__00X,2023-10-23,Point Loma
10.27.23.PLOCT24.R2__NA__NA__231027_WW__00X,2023-10-24,Point Loma
10.25.23.SBOCT24.R1__NA__NA__231027_WW__00X,2023-10-24,South Bay
10.27.23.PLOCT25.R1__NA__NA__231027_WW__00X,2023-10-25,Point Loma
11.01.23.ENCOCT26.R2__NA__NA__231109_WW__00X,2023-10-26,Encina
11.01.23.SBOCT26.R1__NA__NA__231109_WW__00X,2023-10-26,South Bay
11.01.23.ENCOCT27.R1__NA__NA__231109_WW__00X,2023-10-27,Encina
11.01.23.PLOCT29.R2__NA__NA__231109_WW__00X,2023-10-29,Point Loma
11.01.23.PLOCT30.R1__NA__NA__231109_WW__00X,2023-10-30,Point Loma
11.03.23.PLOCT31.R1__NA__NA__231109_WW__00X,2023-10-31,Point Loma
11.01.23.SBOCT31.R2__NA__NA__231109_WW__00X,2023-10-31,South Bay
11.03.23.PLNOV01.R2__NA__NA__231109_WW__00X,2023-11-01,Point Loma
11.08.23.SBNOV02.R1__NA__NA__231109_WW__00X,2023-11-02,South Bay
11.08.23.SBNOV05.R1__NA__NA__231109_WW__00X,2023-11-05,South Bay
11.08.23.PLNOV05.R1__NA__NA__231109_WW__00X,2023-11-05,Point Loma
11.08.23.PLNOV06.R1__NA__NA__231109_WW__00X,2023-11-06,Point Loma
11.08.23.ENCNOV06.R1__NA__NA__231109_WW__00X,2023-11-06,Encina
11.13.23.PLNOV07.R2__NA__NA__231117_WW__00X,2023-11-07,Point Loma
11.08.23.ENCNOV07.R2__NA__NA__231109_WW__00X,2023-11-07,Encina
11.13.23.PLNOV08.R2__NA__NA__231117_WW__00X,2023-11-08,Point Loma
11.15.23.ENCNOV09.R1__NA__NA__231117_WW__00X,2023-11-09,Encina
11.15.23.PLNOV12.R1__NA__NA__231117_WW__00X,2023-11-12,Point Loma
11.15.23.PLNOV13.R2__NA__NA__231117_WW__00X,2023-11-13,Point Loma
11.17.23.PLNOV14.R1__NA__NA__231117_WW__00X,2023-11-14,Point Loma
11.15.23.ENCNOV14.R2__NA__NA__231117_WW__00X,2023-11-14,Encina
11.17.23.PLNOV15.R1__NA__NA__231117_WW__00X,2023-11-15,Point Loma
11.22.23.ENCNOV15.R1.rerun__NA__NA__231207_WW__00X,2023-11-15,Encina
11.22.23.PLNOV19.R2.rerun__NA__NA__231207_WW__00X,2023-11-19,Point Loma
11.22.23.SBNOV19.R2.rerun__NA__NA__231207_WW__00X,2023-11-19,South Bay
11.22.23.PLNOV20.R2.rerun__NA__NA__231207_WW__00X,2023-11-20,Point Loma
11.22.23.ENCNOV20.R2.rerun__NA__NA__231207_WW__00X,2023-11-20,Encina
11.22.23.SBNOV21.R1.rerun__NA__NA__231207_WW__00X,2023-11-21,South Bay
11.27.23.PLNOV21.R2.rerun__NA__NA__231207_WW__00X,2023-11-21,Point Loma
11.27.23.PLNOV22.R2.rerun__NA__NA__231207_WW__00X,2023-11-22,Point Loma
11.29.23.SBNOV23.R2.rerun__NA__NA__231207_WW__00X,2023-11-23,South Bay
11.29.23.ENCNOV24.R2.rerun__NA__NA__231207_WW__00X,2023-11-24,Encina
11.29.23.PLNOV26.R1.rerun__NA__NA__231207_WW__00X,2023-11-26,Point Loma
11.29.23.PLNOV27.R2.rerun__NA__NA__231207_WW__00X,2023-11-27,Point Loma
11.29.23.ENCNOV28.R2.rerun__NA__NA__231207_WW__00X,2023-11-28,Encina
12.01.23.PLNOV28.R1.rerun__NA__NA__231207_WW__00X,2023-11-28,Point Loma
11.29.23.SBNOV28.R2.rerun__NA__NA__231207_WW__00X,2023-11-28,South Bay
12.04.23.ENCNOV29.R2__NA__NA__231215_WW__00X,2023-11-29,Encina
12.01.23.PLNOV29.R1.rerun__NA__NA__231207_WW__00X,2023-11-29,Point Loma
12.04.23.SBNOV30.R1__NA__NA__231215_WW__00X,2023-11-30,South Bay
12.04.23.ENCDEC01.R2__NA__NA__231215_WW__00X,2023-12-01,Encina
12.11.23.PLDEC03.R1__NA__NA__231215_WW__00X,2023-12-03,Point Loma
12.04.23.SBDEC03.R2__NA__NA__231215_WW__00X,2023-12-03,South Bay
12.11.23.PLDEC04.R2__NA__NA__231215_WW__00X,2023-12-04,Point Loma
12.11.23.ENCDEC04.R2__NA__NA__231215_WW__00X,2023-12-04,Encina
12.11.23.PLDEC05.R2__NA__NA__231215_WW__00X,2023-12-05,Point Loma
12.11.23.ENCDEC06.R1__NA__NA__231215_WW__00X,2023-12-06,Encina
12.11.23.PLDEC06.R1__NA__NA__231215_WW__00X,2023-12-06,Point Loma
12.11.23.SBDEC07.R1__NA__NA__231215_WW__00X,2023-12-07,South Bay
12.11.23.SBDEC10.R1__NA__NA__231215_WW__00X,2023-12-10,South Bay
12.18.23.PLDEC10.R2__NA__NA__231222_WW__00X,2023-12-10,Point Loma
12.18.23.PLDEC11.R2__NA__NA__231222_WW__00X,2023-12-11,Point Loma
12.18.23.PLDEC12.R2__NA__NA__231222_WW__00X,2023-12-12,Point Loma
12.18.23.SBDEC12.R1__NA__NA__231222_WW__00X,2023-12-12,South Bay
12.18.23.PLDEC13.R1__NA__NA__231222_WW__00X,2023-12-13,Point Loma
12.18.23.ENCDEC13.R2__NA__NA__231222_WW__00X,2023-12-13,Encina
12.18.23.SBDEC14.R1__NA__NA__231222_WW__00X,2023-12-14,South Bay
12.18.23.ENCDEC15.R1__NA__NA__231222_WW__00X,2023-12-15,Encina
12.22.23.PLDEC17.R1__NA__NA__240105_WW__00X,2023-12-17,Point Loma
12.22.23.PLDEC17.R1__NA__NA__231229_WW__00X,2023-12-17,Point Loma
12.22.23.PLDEC18.R2__NA__NA__231229_WW__00X,2023-12-18,Point Loma
12.22.23.PLDEC18.R2__NA__NA__240105_WW__00X,2023-12-18,Point Loma
12.22.23.ENCDEC18.R2__NA__NA__231229_WW__00X,2023-12-18,Encina
12.22.23.ENCDEC18.R2__NA__NA__240105_WW__00X,2023-12-18,Encina
12.22.23.SBDEC19.R1__NA__NA__240105_WW__00X,2023-12-19,South Bay
12.22.23.SBDEC19.R1__NA__NA__231229_WW__00X,2023-12-19,South Bay
12.22.23.PLDEC19.R2__NA__NA__231229_WW__00X,2023-12-19,Point Loma
12.22.23.PLDEC19.R2__NA__NA__240105_WW__00X,2023-12-19,Point Loma
12.22.23.PLDEC20.R1__NA__NA__240105_WW__00X,2023-12-20,Point Loma
12.22.23.PLDEC20.R1__NA__NA__231229_WW__00X,2023-12-20,Point Loma
12.22.23.ENCDEC21.R2__NA__NA__231229_WW__00X,2023-12-21,Encina
12.22.23.SBDEC21.R2__NA__NA__231229_WW__00X,2023-12-21,South Bay
12.22.23.SBDEC21.R2__NA__NA__240105_WW__00X,2023-12-21,South Bay
12.22.23.ENCDEC21.R2__NA__NA__240105_WW__00X,2023-12-21,Encina
01.08.24.ENCDEC29.R2__NA__NA__240112_WW__00X,2023-12-29,Encina
1.05.23.SBDEC30.R1__NA__NA__230107_WW__00X,2023-12-30,South Bay
1.04.23.ENCDEC30.R1__NA__NA__230107_WW__00X,2023-12-30,Encina
01.08.24.PLDEC31.R1__NA__NA__240112_WW__00X,2023-12-31,Point Loma
01.08.24.PLJAN01.R1__NA__NA__240112_WW__00X,2024-01-01,Point Loma
01.08.24.PLJAN02.R2__NA__NA__240112_WW__00X,2024-01-02,Point Loma
01.08.24.PLJAN03.R2__NA__NA__240112_WW__00X,2024-01-03,Point Loma
01.08.24.SBJAN04.R1__NA__NA__240112_WW__00X,2024-01-04,South Bay
01.08.24.ENCJAN05.R1__NA__NA__240112_WW__00X,2024-01-05,Encina
01.08.24.SBJAN07.R1__NA__NA__240112_WW__00X,2024-01-07,South Bay
1.16.24.PLJAN07.R2__NA__NA__240126_WW__00X,2024-01-07,Point Loma
1.16.24.PLJAN08.R2__NA__NA__240126_WW__00X,2024-01-08,Point Loma
1.16.24.ENCJAN08.R2__NA__NA__240126_WW__00X,2024-01-08,Encina
1.16.24.PLJAN09.R2__NA__NA__240126_WW__00X,2024-01-09,Point Loma
1.16.24.PLJAN10.R2__NA__NA__240126_WW__00X,2024-01-10,Point Loma
1.16.24.SBJAN11.R2__NA__NA__240126_WW__00X,2024-01-11,South Bay
1.16.24.ENCJAN12.R2__NA__NA__240126_WW__00X,2024-01-12,Encina
1.16.24.SBJAN14.R2__NA__NA__240126_WW__00X,2024-01-14,South Bay
01.22.24.PLJAN14.R1__NA__NA__240126_WW__00X,2024-01-14,Point Loma
01.22.24.PLJAN15.R2__NA__NA__240126_WW__00X,2024-01-15,Point Loma
01.22.24.PLJAN16.R1__NA__NA__240126_WW__00X,2024-01-16,Point Loma
01.22.24.SBJAN16.R1__NA__NA__240126_WW__00X,2024-01-16,South Bay
01.22.24.ENCJAN16.R2__NA__NA__240126_WW__00X,2024-01-16,Encina
01.22.24.PLJAN17.R1__NA__NA__240126_WW__00X,2024-01-17,Point Loma
01.22.24.ENCJAN17.R2__NA__NA__240126_WW__00X,2024-01-17,Encina
01.22.24.SBJAN18.R1__NA__NA__240126_WW__00X,2024-01-18,South Bay
01.30.24.PLJAN21.R1__NA__NA__240202_WW__00X,2024-01-21,Point Loma
01.30.24.PLJAN22.R2__NA__NA__240202_WW__00X,2024-01-22,Point Loma
01.30.24.PLJAN23.R2__NA__NA__240202_WW__00X,2024-01-23,Point Loma
01.30.24.PLJAN24.R1__NA__NA__240202_WW__00X,2024-01-24,Point Loma
01.30.24.SBJAN25.R1__NA__NA__240202_WW__00X,2024-01-25,South Bay
01.30.24.ENCJAN25.R2__NA__NA__240202_WW__00X,2024-01-25,Encina
01.30.24.ENCJAN26.R1__NA__NA__240202_WW__00X,2024-01-26,Encina
01.30.24.SBJAN28.R2__NA__NA__240202_WW__00X,2024-01-28,South Bay
02.05.24.PLJAN28.R2__NA__NA__240209_WW__00X,2024-01-28,Point Loma
02.05.24.PLJAN29.R1__NA__NA__240209_WW__00X,2024-01-29,Point Loma
02.05.24.PLJAN30.R1__NA__NA__240209_WW__00X,2024-01-30,Point Loma
02.05.24.ENCJAN30.R1__NA__NA__240209_WW__00X,2024-01-30,Encina
02.05.24.ENCJAN31.R2__NA__NA__240209_WW__00X,2024-01-31,Encina
02.05.24.PLJAN31.R2__NA__NA__240209_WW__00X,2024-01-31,Point Loma
02.05.24.SBFEB01.R2__NA__NA__240209_WW__00X,2024-02-01,South Bay
02.12.24.PLFEB04.R2__NA__NA__240223_WW__00X,2024-02-04,Point Loma
02.05.24.SBFEB04.R1__NA__NA__240209_WW__00X,2024-02-04,South Bay
02.12.24.PLFEB05.R2__NA__NA__240223_WW__00X,2024-02-05,Point Loma
02.12.24.SBFEB06.R1__NA__NA__240223_WW__00X,2024-02-06,South Bay
02.12.24.PLFEB06.R1__NA__NA__240223_WW__00X,2024-02-06,Point Loma
02.12.24.ENCFEB06.R2__NA__NA__240223_WW__00X,2024-02-06,Encina
02.12.24.PLFEB07.R1__NA__NA__240223_WW__00X,2024-02-07,Point Loma
02.12.24.SBFEB08.R1__NA__NA__240223_WW__00X,2024-02-08,South Bay
02.12.24.ENCFEB09.R2__NA__NA__240223_WW__00X,2024-02-09,Encina
02.20.24.PLFEB11.R1__NA__NA__240223_WW__00X,2024-02-11,Point Loma
02.20.24.PLFEB12.R1__NA__NA__240223_WW__00X,2024-02-12,Point Loma
02.20.24.ENCFEB13.R1__NA__NA__240223_WW__00X,2024-02-13,Encina
02.20.24.PLFEB13.R2__NA__NA__240223_WW__00X,2024-02-13,Point Loma
02.20.24.PLFEB14.R2__NA__NA__240223_WW__00X,2024-02-14,Point Loma
02.20.24.SBFEB15.R2__NA__NA__240223_WW__00X,2024-02-15,South Bay
02.26.24.PLFEB18.R2__NA__NA__240301_WW__00X,2024-02-18,Point Loma
02.20.24.SBFEB18.R2__NA__NA__240223_WW__00X,2024-02-18,South Bay
02.26.24.PLFEB19.R1__NA__NA__240301_WW__00X,2024-02-19,Point Loma
02.20.24.ENCFEB19.R2__NA__NA__240223_WW__00X,2024-02-19,Encina
02.26.24.SBFEB20.R1__NA__NA__240301_WW__00X,2024-02-20,South Bay
02.26.24.PLFEB20.R2__NA__NA__240301_WW__00X,2024-02-20,Point Loma
02.26.24.PLFEB21.R1__NA__NA__240301_WW__00X,2024-02-21,Point Loma
02.26.24.ENCFEB22.R1__NA__NA__240301_WW__00X,2024-02-22,Encina
02.26.24.ENCFEB23.R2__NA__NA__240301_WW__00X,2024-02-23,Encina
02.26.24.SBFEB25.R2__NA__NA__240301_WW__00X,2024-02-25,South Bay
03_04_24_PLFEB25_sub_R1__E0000000__X00__240314_WW_75__008,2024-02-25,Point Loma
03_04_24_PLFEB26_sub_R1__E0000000__X00__240314_WW_75__008,2024-02-26,Point Loma
03_04_24_SBFEB27_sub_R2__E0000000__X00__240314_WW_75__008,2024-02-27,South Bay
03_04_24_PLFEB27_sub_R1__E0000000__X00__240314_WW_75__008,2024-02-27,Point Loma
03_04_24_PLFEB28_sub_R2__E0000000__X00__240314_WW_75__008,2024-02-28,Point Loma
03_04_24_SBFEB29_sub_R2__E0000000__X00__240314_WW_75__008,2024-02-29,South Bay
03_04_24_ENCFEB29_sub_R2__E0000000__X00__240314_WW_75__008,2024-02-29,Encina
03_04_24_ENCMAR01_sub_R2__E0000000__X00__240314_WW_75__008,2024-03-01,Encina
03_11_24_PLMAR03_R2__E0000000__X00__240318_NextSeq_WW__001,2024-03-03,Point Loma
03_11_24_ENCMAR04_R2__E0000000__X00__240318_NextSeq_WW__001,2024-03-04,Encina
03_11_24_PLMAR04_R2__E0000000__X00__240318_NextSeq_WW__001,2024-03-04,Point Loma
03_11_24_PLMAR05_R1__E0000000__X00__240318_NextSeq_WW__001,2024-03-05,Point Loma
03_11_24_PLMAR06_R2__E0000000__X00__240318_NextSeq_WW__001,2024-03-06,Point Loma
03_11_24_SBMAR07_R1__E0000000__X00__240318_NextSeq_WW__001,2024-03-07,South Bay
03_11_24_ENCMAR08_R2__E0000000__X00__240318_NextSeq_WW__001,2024-03-08,Encina
03_11_24_SBMAR10_R1__E0000000__X00__240318_NextSeq_WW__001,2024-03-10,South Bay
03_18_24_PLMAR10_R1__E0000000__X00__240323_NextSeq_WW__001,2024-03-10,Point Loma
03_18_24_PLMAR11_R2__E0000000__X00__240323_NextSeq_WW__001,2024-03-11,Point Loma
03_18_24_SBMAR12_R2__E0000000__X00__240323_NextSeq_WW__001,2024-03-12,South Bay
03_18_24_PLMAR12_R2__E0000000__X00__240323_NextSeq_WW__001,2024-03-12,Point Loma
03_18_24_PLMAR13_R2__E0000000__X00__240323_NextSeq_WW__001,2024-03-13,Point Loma
03_18_24_ENCMAR13_R1__E0000000__X00__240323_NextSeq_WW__001,2024-03-13,Encina
03_18_24_ENCMAR15_R1__E0000000__X00__240323_NextSeq_WW__001,2024-03-15,Encina
03_25_24_PLMAR17_R2__E0000000__X00__240401_NextSeq_WW__001,2024-03-17,Point Loma
03_18_24_SBMAR17_R2__E0000000__X00__240323_NextSeq_WW__001,2024-03-17,South Bay
03_25_24_PLMAR18_R1__E0000000__X00__240401_NextSeq_WW__001,2024-03-18,Point Loma
03_25_24_ENCMAR19_R2__E0000000__X00__240401_NextSeq_WW__001,2024-03-19,Encina
03_25_24_PLMAR19_R2__E0000000__X00__240401_NextSeq_WW__001,2024-03-19,Point Loma
03_25_24_SBMAR19_R2__E0000000__X00__240401_NextSeq_WW__001,2024-03-19,South Bay
03_25_24_ENCMAR20_R1__E0000000__X00__240401_NextSeq_WW__001,2024-03-20,Encina
03_25_24_PLMAR20_R2__E0000000__X00__240401_NextSeq_WW__001,2024-03-20,Point Loma
03_25_24_SBMAR24_R1__E0000000__X00__240401_NextSeq_WW__001,2024-03-24,South Bay
04_02_24_PLMAR24_R2__E0000000__X00__240409_NextSeq_WW__001,2024-03-24,Point Loma
04_02_24_PLMAR25_R1__E0000000__X00__240409_NextSeq_WW__001,2024-03-25,Point Loma
04_02_24_PLMAR26_R2__E0000000__X00__240409_NextSeq_WW__001,2024-03-26,Point Loma
04_02_24_PLMAR27_R1__E0000000__X00__240409_NextSeq_WW__001,2024-03-27,Point Loma
04_01_24_ENCMAR27_R1__E0000000__X00__240409_NextSeq_WW__001,2024-03-27,Encina
04_02_24_SBMAR28_R1__E0000000__X00__240409_NextSeq_WW__001,2024-03-28,South Bay
04_01_24_ENCMAR29_R2__E0000000__X00__240409_NextSeq_WW__001,2024-03-29,Encina
04_02_24_SBMAR31_R1__E0000000__X00__240409_NextSeq_WW__001,2024-03-31,South Bay
04_08_24_PLMAR31_R2__E0000000__X00__240415_NextSeq_WW__001,2024-03-31,Point Loma
04_08_24_PLAPR01_R2__E0000000__X00__240415_NextSeq_WW__001,2024-04-01,Point Loma
04_08_24_SBAPR02_R1__E0000000__X00__240415_NextSeq_WW__001,2024-04-02,South Bay
04_08_24_ENCAPR02_R1__E0000000__X00__240415_NextSeq_WW__001,2024-04-02,Encina
04_08_24_PLAPR02_R2__E0000000__X00__240415_NextSeq_WW__001,2024-04-02,Point Loma
04_08_24_PLAPR03_R2__E0000000__X00__240415_NextSeq_WW__001,2024-04-03,Point Loma
04_08_24_SBAPR04_R2__E0000000__X00__240415_NextSeq_WW__001,2024-04-04,South Bay
04_08_24_ENCAPR05_R2__E0000000__X00__240415_NextSeq_WW__001,2024-04-05,Encina
4_15_24_PLAPR07_R2__E0000000__X00__240420_NextSeq_WW__001,2024-04-07,Point Loma
4_15_24_PLAPR07__E0000000__X00__240418_WW_SG__001,2024-04-07,Point Loma
4_15_24_PLAPR08_R1__E0000000__X00__240420_NextSeq_WW__001,2024-04-08,Point Loma
4_15_24_PLAPR08__E0000000__X00__240418_WW_SG__001,2024-04-08,Point Loma
4_15_24_PLAPR09_R2__E0000000__X00__240420_NextSeq_WW__001,2024-04-09,Point Loma
4_15_24_SBAPR09_R2__E0000000__X00__240420_NextSeq_WW__001,2024-04-09,South Bay
4_15_24_SBAPR09__E0000000__X00__240418_WW_SG__001,2024-04-09,South Bay
4_15_24_PLAPR09__E0000000__X00__240418_WW_SG__001,2024-04-09,Point Loma
4_15_24_ENCAPR10__E0000000__X00__240418_WW_SG__001,2024-04-10,Encina
4_15_24_PLAPR10__E0000000__X00__240418_WW_SG__001,2024-04-10,Point Loma
4_15_24_PLAPR10_R1__E0000000__X00__240420_NextSeq_WW__001,2024-04-10,Point Loma
4_15_24_ENCAPR10_R2__E0000000__X00__240420_NextSeq_WW__001,2024-04-10,Encina
4_15_24_ENCAPR11_R1__E0000000__X00__240420_NextSeq_WW__001,2024-04-11,Encina
4_15_24_ENCAPR11__E0000000__X00__240418_WW_SG__001,2024-04-11,Encina
4_15_24_SBAPR11_R2__E0000000__X00__240420_NextSeq_WW__001,2024-04-11,South Bay
4_15_24_SBAPR11__E0000000__X00__240418_WW_SG__001,2024-04-11,South Bay
04_22_24_PLAPR14_R2__E0000000__X00__240429_NextSeq_WW__001,2024-04-14,Point Loma
04_22_24_PLAPR15_R1__E0000000__X00__240429_NextSeq_WW__001,2024-04-15,Point Loma
04_22_24_ENCAPR16_R1__E0000000__X00__240429_NextSeq_WW__001,2024-04-16,Encina
04_22_24_SBAPR16_R1__E0000000__X00__240429_NextSeq_WW__001,2024-04-16,South Bay
04_22_24_PLAPR16_R1__E0000000__X00__240429_NextSeq_WW__001,2024-04-16,Point Loma
04_22_24_PLAPR17_R2__E0000000__X00__240429_NextSeq_WW__001,2024-04-17,Point Loma
04_22_24_ENCAPR18_R1__E0000000__X00__240429_NextSeq_WW__001,2024-04-18,Encina
04_22_24_SBAPR18_R1__E0000000__X00__240429_NextSeq_WW__001,2024-04-18,South Bay
04_29_24_PLAPR21_R1__E0000000__X00__240509_NextSeq_WW__001,2024-04-21,Point Loma
04_29_24_PLAPR22_R1__E0000000__X00__240509_NextSeq_WW__001,2024-04-22,Point Loma
04_29_24_PLAPR23_R1__E0000000__X00__240509_NextSeq_WW__001,2024-04-23,Point Loma
04_29_24_PLAPR24_R1__E0000000__X00__240509_NextSeq_WW__001,2024-04-24,Point Loma
04_29_24_ENCAPR25_R2__E0000000__X00__240509_NextSeq_WW__001,2024-04-25,Encina
04_29_24_SBAPR25_R1__E0000000__X00__240509_NextSeq_WW__001,2024-04-25,South Bay
04_29_24_ENCAPR26_R2__E0000000__X00__240509_NextSeq_WW__001,2024-04-26,Encina
04_29_24_SBAPR28_R1__E0000000__X00__240509_NextSeq_WW__001,2024-04-28,South Bay
05_06_24_PLAPR28_R1__E0000000__X00__240512_NextSeq_WW__001,2024-04-28,Point Loma
05_06_24_PLAPR29_R2__E0000000__X00__240512_NextSeq_WW__001,2024-04-29,Point Loma
05_06_24_ENCAPR29_R2__E0000000__X00__240512_NextSeq_WW__001,2024-04-29,Encina
05_06_24_PLAPR30_R1__E0000000__X00__240512_NextSeq_WW__001,2024-04-30,Point Loma
05_06_24_SBAPR30_R2__E0000000__X00__240512_NextSeq_WW__001,2024-04-30,South Bay
05_06_24_ENCMAY01_R1__E0000000__X00__240512_NextSeq_WW__001,2024-05-01,Encina
05_06_24_PLMAY01_R2__E0000000__X00__240512_NextSeq_WW__001,2024-05-01,Point Loma
05_06_24_SBMAY02_R1__E0000000__X00__240512_NextSeq_WW__001,2024-05-02,South Bay
05_13_24_PLMAY05_R2__E0000000__X00__240518_NextSeq_WW__001,2024-05-05,Point Loma
05_13_24_ENCMAY06_R1__E0000000__X00__240518_NextSeq_WW__001,2024-05-06,Encina
05_13_24_PLMAY06_R1__E0000000__X00__240518_NextSeq_WW__001,2024-05-06,Point Loma
05_13_24_PLMAY07_R1__E0000000__X00__240518_NextSeq_WW__001,2024-05-07,Point Loma
05_13_24_PLMAY08_R1__E0000000__X00__240518_NextSeq_WW__001,2024-05-08,Point Loma
05_13_24_SBMAY09_R2__E0000000__X00__240518_NextSeq_WW__001,2024-05-09,South Bay
05_13_24_ENCMAY09_R2__E0000000__X00__240518_NextSeq_WW__001,2024-05-09,Encina
5_20_24_PLMAY12_R1__E0000000__X00__240525_NextSeq_WW__001,2024-05-12,Point Loma
05_13_24_SBMAY12_R2__E0000000__X00__240518_NextSeq_WW__001,2024-05-12,South Bay
5_20_24_PLMAY12_R1__E0000000__X00__240604_SG_WW__001,2024-05-12,Point Loma
5_20_24_PLMAY13_R2__E0000000__X00__240525_NextSeq_WW__001,2024-05-13,Point Loma
5_20_24_PLMAY13_R2__E0000000__X00__240604_SG_WW__001,2024-05-13,Point Loma
5_20_24_ENCMAY13_R1__E0000000__X00__240525_NextSeq_WW__001,2024-05-13,Encina
5_20_24_ENCMAY13_R1__E0000000__X00__240604_SG_WW__001,2024-05-13,Encina
5_20_24_PLMAY14_R1__E0000000__X00__240525_NextSeq_WW__001,2024-05-14,Point Loma
5_20_24_ENCMAY14_R1__E0000000__X00__240604_SG_WW__001,2024-05-14,Encina
5_20_24_PLMAY14_R1__E0000000__X00__240604_SG_WW__001,2024-05-14,Point Loma
5_20_24_ENCMAY14_R1__E0000000__X00__240525_NextSeq_WW__001,2024-05-14,Encina
5_20_24_PLMAY15_R1__E0000000__X00__240525_NextSeq_WW__001,2024-05-15,Point Loma
5_20_24_PLMAY15_R1__E0000000__X00__240604_SG_WW__001,2024-05-15,Point Loma
5_20_24_ENCMAY15_R1__E0000000__X00__240525_NextSeq_WW__001,2024-05-15,Encina
5_20_24_ENCMAY15_R1__E0000000__X00__240604_SG_WW__001,2024-05-15,Encina
05_28_24_PLMAY19_R1__E0000000__X00__240624_1_SG_WW__001,2024-05-19,Point Loma
5_20_24_SBMAY19_R1__E0000000__X00__240604_SG_WW__001,2024-05-19,South Bay
5_20_24_SBMAY19_R1__E0000000__X00__240525_NextSeq_WW__001,2024-05-19,South Bay
05_28_24_PLMAY20_R1__E0000000__X00__240624_1_SG_WW__001,2024-05-20,Point Loma
05_28_24_PLMAY21_R1__E0000000__X00__240624_1_SG_WW__001,2024-05-21,Point Loma
05_28_24_SBMAY21_R2__E0000000__X00__240624_1_SG_WW__001,2024-05-21,South Bay
05_28_24_PLMAY22_R1__E0000000__X00__240624_1_SG_WW__001,2024-05-22,Point Loma
05_28_24_SBMAY23_R1__E0000000__X00__240624_1_SG_WW__001,2024-05-23,South Bay
05_28_24_ENCMAY24_R1__E0000000__X00__240624_1_SG_WW__001,2024-05-24,Encina
06_03_24_PLMAY26_R1__E0000000__X00__240624_2_SG_WW__001,2024-05-26,Point Loma
05_28_24_ENCMAY27_R2__E0000000__X00__240624_1_SG_WW__001,2024-05-27,Encina
06_03_24_PLMAY27_R2__E0000000__X00__240624_2_SG_WW__001,2024-05-27,Point Loma
06_03_24_PLMAY28_R2__E0000000__X00__240624_2_SG_WW__001,2024-05-28,Point Loma
06_03_24_SBMAY28_R2__E0000000__X00__240624_2_SG_WW__001,2024-05-28,South Bay
06_03_24_ENCMAY28_R1__E0000000__X00__240624_2_SG_WW__001,2024-05-28,Encina
06_03_24_PLMAY29_R2__E0000000__X00__240624_2_SG_WW__001,2024-05-29,Point Loma
06_03_24_ENCMAY31_R1__E0000000__X00__240624_2_SG_WW__001,2024-05-31,Encina
06_03_24_SBJUN02_R2__E0000000__X00__240624_2_SG_WW__001,2024-06-02,South Bay
06_10_24_PLJUN02_R2__E0000000__X00__240624_4_SG_WW__001,2024-06-02,Point Loma
06_10_24_PLJUN03_R1__E0000000__X00__240624_4_SG_WW__001,2024-06-03,Point Loma
06_10_24_ENCJUN04_R2__E0000000__X00__240624_4_SG_WW__001,2024-06-04,Encina
06_10_24_SBJUN04_R1__E0000000__X00__240624_4_SG_WW__001,2024-06-04,South Bay
06_10_24_PLJUN04_R1__E0000000__X00__240624_4_SG_WW__001,2024-06-04,Point Loma
06_10_24_PLJUN05_R1__E0000000__X00__240624_4_SG_WW__001,2024-06-05,Point Loma
06_10_24_ENCJUN05_R2__E0000000__X00__240624_4_SG_WW__001,2024-06-05,Encina
06_10_24_SBJUN09_R1__E0000000__X00__240624_4_SG_WW__001,2024-06-09,South Bay
06_17_24_PLJUN09_R2__E0000000__X00__240627_1_SG_WW__001,2024-06-09,Point Loma
06_17_24_PLJUN10_R2__E0000000__X00__240627_1_SG_WW__001,2024-06-10,Point Loma
06_17_24_ENCJUN10_R2__E0000000__X00__240627_1_SG_WW__001,2024-06-10,Encina
06_17_24_PLJUN11_R2__E0000000__X00__240627_1_SG_WW__001,2024-06-11,Point Loma
06_17_24_PLJUN12_R1__E0000000__X00__240627_1_SG_WW__001,2024-06-12,Point Loma
06_17_24_ENCJUN12_R1__E0000000__X00__240627_1_SG_WW__001,2024-06-12,Encina
06_18_24_SBJUN13_R2__E0000000__X00__240627_1_SG_WW__001,2024-06-13,South Bay
06_17_24_SBJUN16_R1__E0000000__X00__240627_1_SG_WW__001,2024-06-16,South Bay
06_24_24_PLJUN16_R2__E0000000__X00__240627_2_SG_WW__001,2024-06-16,Point Loma
06_24_24_PLJUN17_R2__E0000000__X00__240627_2_SG_WW__001,2024-06-17,Point Loma
06_24_24_PLJUN18_R2__E0000000__X00__240627_2_SG_WW__001,2024-06-18,Point Loma
06_24_24_PLJUN19_R1__E0000000__X00__240627_2_SG_WW__001,2024-06-19,Point Loma
06_24_24_ENCJUN19_R2__E0000000__X00__240627_2_SG_WW__001,2024-06-19,Encina
06_24_24_ENCJUN20_R2__E0000000__X00__240627_2_SG_WW__001,2024-06-20,Encina
06_24_24_SBJUN20_R2__E0000000__X00__240627_2_SG_WW__001,2024-06-20,South Bay
06_24_24_SBJUN23_R2__E0000000__X00__240627_2_SG_WW__001,2024-06-23,South Bay
07_01_24_PLJUN23_R2__E0000000__X00__240712_1_SG_WW__001,2024-06-23,Point Loma
07_01_24_PLJUN24_R1__E0000000__X00__240712_1_SG_WW__001,2024-06-24,Point Loma
07_01_24_PLJUN25_R2__E0000000__X00__240712_1_SG_WW__001,2024-06-25,Point Loma
07_01_24_SBJUN25_R1__E0000000__X00__240712_1_SG_WW__001,2024-06-25,South Bay
07_01_24_ENCJUN26_R2__E0000000__X00__240712_1_SG_WW__001,2024-06-26,Encina
07_01_24_PLJUN26_R1__E0000000__X00__240712_1_SG_WW__001,2024-06-26,Point Loma
07_01_24_SBJUN27_R2__E0000000__X00__240712_1_SG_WW__001,2024-06-27,South Bay
07_01_24_ENCJUN28_R2__E0000000__X00__240712_1_SG_WW__001,2024-06-28,Encina
07_08_24_PLJUN30_R1__E0000000__X00__240712_2_SG_WW__001,2024-06-30,Point Loma
07_08_24_PLJUL01_R1__E0000000__X00__240712_2_SG_WW__001,2024-07-01,Point Loma
07_08_24_ENCJUL03_R2__E0000000__X00__240712_2_SG_WW__001,2024-07-03,Encina
07_08_24_PLJUL03_R2__E0000000__X00__240712_2_SG_WW__001,2024-07-03,Point Loma
07_08_24_PLJUL04_R1__E0000000__X00__240712_2_SG_WW__001,2024-07-04,Point Loma
07_08_24_SBJUL04_R2__E0000000__X00__240712_2_SG_WW__001,2024-07-04,South Bay
07_08_24_ENCJUL05_R1__E0000000__X00__240712_2_SG_WW__001,2024-07-05,Encina
07_15_24_PLJUL07_R1__E0000000__X00__240718_SG_WW__001,2024-07-07,Point Loma
07_08_24_SBJUL07_R2__E0000000__X00__240712_2_SG_WW__001,2024-07-07,South Bay
07_15_24_PLJUL08_R2__E0000000__X00__240718_SG_WW__001,2024-07-08,Point Loma
07_15_24_ENCJUL09_R2__E0000000__X00__240718_SG_WW__001,2024-07-09,Encina
07_15_24_PLJUL09_R1__E0000000__X00__240718_SG_WW__001,2024-07-09,Point Loma
07_15_24_ENCJUL10_R1__E0000000__X00__240718_SG_WW__001,2024-07-10,Encina
07_15_24_PLJUL10_R1__E0000000__X00__240718_SG_WW__001,2024-07-10,Point Loma
07_15_24_SBJUL11_R1__E0000000__X00__240718_SG_WW__001,2024-07-11,South Bay
07_22_24_PLJUL14_R1__E0000000__X00__240729_SG_WW__001,2024-07-14,Point Loma
07_15_24_SBJUL14_R2__E0000000__X00__240718_SG_WW__001,2024-07-14,South Bay
07_22_24_PLJUL15_R2__E0000000__X00__240729_SG_WW__001,2024-07-15,Point Loma
07_22_24_PLJUL16_R2__E0000000__X00__240729_SG_WW__001,2024-07-16,Point Loma
07_22_24_ENCJUL17_R1__E0000000__X00__240729_SG_WW__001,2024-07-17,Encina
07_22_24_PLJUL17_R2__E0000000__X00__240729_SG_WW__001,2024-07-17,Point Loma
07_22_24_ENCJUL18_R1__E0000000__X00__240729_SG_WW__001,2024-07-18,Encina
07_22_24_SBJUL18_R2__E0000000__X00__240729_SG_WW__001,2024-07-18,South Bay
07_22_24_SBJUL21_R2__E0000000__X00__240729_SG_WW__001,2024-07-21,South Bay
07_29_24_PLJUL21_R1__E0000000__X00__240801_SG_WW__001,2024-07-21,Point Loma
07_29_24_PLJUL22_R1__E0000000__X00__240801_SG_WW__001,2024-07-22,Point Loma
07_29_24_PLJUL23_R2__E0000000__X00__240801_SG_WW__001,2024-07-23,Point Loma
07_29_24_SBJUL23_R1__E0000000__X00__240801_SG_WW__001,2024-07-23,South Bay
07_29_24_PLJUL24_R2__E0000000__X00__240801_SG_WW__001,2024-07-24,Point Loma
07_29_24_ENCJUL25_R2__E0000000__X00__240801_SG_WW__001,2024-07-25,Encina
07_29_24_SBJUL25_R1__E0000000__X00__240801_SG_WW__001,2024-07-25,South Bay
07_29_24_ENCJUL26_R1__E0000000__X00__240801_SG_WW__001,2024-07-26,Encina
08_05_24_PLJUL28_R2__E0000000__X00__240808_SG_WW__001,2024-07-28,Point Loma
08_05_24_PLJUL29_R2__E0000000__X00__240808_SG_WW__001,2024-07-29,Point Loma
08_05_24_PLJUL30_R1__E0000000__X00__240808_SG_WW__001,2024-07-30,Point Loma
08_05_24_ENCJUL30_R2__E0000000__X00__240808_SG_WW__001,2024-07-30,Encina
08_05_24_PLJUL31_R1__E0000000__X00__240808_SG_WW__001,2024-07-31,Point Loma
08_05_24_SBAUG01_R1__E0000000__X00__240808_SG_WW__001,2024-08-01,South Bay
08_05_24_ENCAUG01_R1__E0000000__X00__240808_SG_WW__001,2024-08-01,Encina
08_12_24_PLAUG04_R2__E0000000__X00__240815_SG_WW__001,2024-08-04,Point Loma
08_05_24_SBAUG04_R2__E0000000__X00__240808_SG_WW__001,2024-08-04,South Bay
08_12_24_PLAUG05_R1__E0000000__X00__240815_SG_WW__001,2024-08-05,Point Loma
08_12_24_PLAUG06_R2__E0000000__X00__240815_SG_WW__001,2024-08-06,Point Loma
08_12_24_SBAUG06_R1__E0000000__X00__240815_SG_WW__001,2024-08-06,South Bay
08_12_24_ENCAUG06_R2__E0000000__X00__240815_SG_WW__001,2024-08-06,Encina
08_12_24_PLAUG07_R2__E0000000__X00__240815_SG_WW__001,2024-08-07,Point Loma
08_12_24_ENCAUG09_R1__E0000000__X00__240815_SG_WW__001,2024-08-09,Encina
08_12_24_SBAUG11_R2__E0000000__X00__240815_SG_WW__001,2024-08-11,South Bay
08_19_24_PLAUG11_R1__E0000000__X00__240822_SG_WW__001,2024-08-11,Point Loma
08_19_24_PLAUG12_R1__E0000000__X00__240822_SG_WW__001,2024-08-12,Point Loma
08_19_24_PLAUG13_R1__E0000000__X00__240822_SG_WW__001,2024-08-13,Point Loma
08_19_24_ENCAUG13_R1__E0000000__X00__240822_SG_WW__001,2024-08-13,Encina
08_19_24_SBAUG13_R2__E0000000__X00__240822_SG_WW__001,2024-08-13,South Bay
08_19_24_PLAUG14_R1__E0000000__X00__240822_SG_WW__001,2024-08-14,Point Loma
08_19_24_ENCAUG15_R2__E0000000__X00__240822_SG_WW__001,2024-08-15,Encina
08_19_24_SBAUG15_R1__E0000000__X00__240822_SG_WW__001,2024-08-15,South Bay
08_26_24_PLAUG18_R2__E0000000__X00__240829_SG_WW__001,2024-08-18,Point Loma
08_26_24_PLAUG19_R2__E0000000__X00__240829_SG_WW__001,2024-08-19,Point Loma
08_26_24_ENCAUG19_R2__E0000000__X00__240829_SG_WW__001,2024-08-19,Encina
08_26_24_SBAUG20_R2__E0000000__X00__240829_SG_WW__001,2024-08-20,South Bay
08_26_24_PLAUG20_R2__E0000000__X00__240829_SG_WW__001,2024-08-20,Point Loma
08_26_24_SBAUG22_R2__E0000000__X00__240829_SG_WW__001,2024-08-22,South Bay
08_26_24_ENCAUG22_R1__E0000000__X00__240829_SG_WW__001,2024-08-22,Encina
08_26_24_ENCAUG23_R2__E0000000__X00__240829_SG_WW__001,2024-08-23,Encina
09_03_24_PLAUG25_R1__E0000000__X00__240906_SG_WW__001,2024-08-25,Point Loma
09_03_24_SBAUG27_R2__E0000000__X00__240906_SG_WW__001,2024-08-27,South Bay
09_03_24_PLAUG27_R1__E0000000__X00__240906_SG_WW__001,2024-08-27,Point Loma
09_03_24_PLAUG28_R2__E0000000__X00__240906_SG_WW__001,2024-08-28,Point Loma
09_03_24_ENCAUG28_R2__E0000000__X00__240906_SG_WW__001,2024-08-28,Encina
09_03_24_ENCAUG29_R2__E0000000__X00__240906_SG_WW__001,2024-08-29,Encina
09_03_24_SBAUG29_R2__E0000000__X00__240906_SG_WW__001,2024-08-29,South Bay
09_10_24_PLSEP01_R1__E0000000__X00__240912_SG_WW__001,2024-09-01,Point Loma
09_03_24_SBSEP01_R2__E0000000__X00__240906_SG_WW__001,2024-09-01,South Bay
09_16_24_ENCSEP010_R2__E0000000__X00__241003_SG_WW_1__001,2024-09-01,Encina
09_10_24_ENCSEP02_R2__E0000000__X00__240912_SG_WW__001,2024-09-02,Encina
09_10_24_PLSEP02_R1__E0000000__X00__240912_SG_WW__001,2024-09-02,Point Loma
09_10_24_PLSEP03_R2__E0000000__X00__240912_SG_WW__001,2024-09-03,Point Loma
09_10_24_SBSEP03_R1__E0000000__X00__240912_SG_WW__001,2024-09-03,South Bay
09_10_24_ENCSEP04_R2__E0000000__X00__240912_SG_WW__001,2024-09-04,Encina
09_10_24_SBSEP05_R2__E0000000__X00__240912_SG_WW__001,2024-09-05,South Bay
09_16_24_PLSEP08_R2__E0000000__X00__241003_SG_WW_1__001,2024-09-08,Point Loma
09_10_24_SBSEP08_R1__E0000000__X00__240912_SG_WW__001,2024-09-08,South Bay
09_16_24_ENCSEP09_R2__E0000000__X00__241003_SG_WW_1__001,2024-09-09,Encina
09_16_24_PLSEP10_R1__E0000000__X00__241003_SG_WW_1__001,2024-09-10,Point Loma
09_16_24_SBSEP10_R1__E0000000__X00__241003_SG_WW_1__001,2024-09-10,South Bay
09_16_24_PLSEP11_R1__E0000000__X00__241003_SG_WW_1__001,2024-09-11,Point Loma
09_16_24_SBSEP12_R1__E0000000__X00__241003_SG_WW_1__001,2024-09-12,South Bay
09_16_24_ENCSEP13_R1__E0000000__X00__241003_SG_WW_1__001,2024-09-13,Encina
09_23_24_PLSEP15_R1__E0000000__X00__241003_SG_WW_2__001,2024-09-15,Point Loma
09_23_24_PLSEP16_R2__E0000000__X00__241003_SG_WW_2__001,2024-09-16,Point Loma
09_23_24_SBSEP17_R2__E0000000__X00__241003_SG_WW_2__001,2024-09-17,South Bay
09_23_24_PLSEP17_R1__E0000000__X00__241003_SG_WW_2__001,2024-09-17,Point Loma
09_23_24_PLSEP18_R2__E0000000__X00__241003_SG_WW_2__001,2024-09-18,Point Loma
09_23_24_ENCSEP18_R2__E0000000__X00__241003_SG_WW_2__001,2024-09-18,Encina
09_23_24_ENCSEP19_R2__E0000000__X00__241003_SG_WW_2__001,2024-09-19,Encina
09_30_24_PLSEP22_R1__E0000000__X00__241003_SG_WW_4__001,2024-09-22,Point Loma
09_23_24_SBSEP22_R2__E0000000__X00__241003_SG_WW_2__001,2024-09-22,South Bay
09_30_24_ENCSEP23_R1__E0000000__X00__241003_SG_WW_4__001,2024-09-23,Encina
09_30_24_PLSEP23_R2__E0000000__X00__241003_SG_WW_4__001,2024-09-23,Point Loma
09_30_24_SBSEP24_R2__E0000000__X00__241003_SG_WW_4__001,2024-09-24,South Bay
09_30_24_ENCSEP24_R2__E0000000__X00__241003_SG_WW_4__001,2024-09-24,Encina
09_30_24_PLSEP25_R1__E0000000__X00__241003_SG_WW_4__001,2024-09-25,Point Loma
09_30_24_SBSEP26_R2__E0000000__X00__241003_SG_WW_4__001,2024-09-26,South Bay
09_30_24_ENCSEP27_R1__E0000000__X00__241003_SG_WW_4__001,2024-09-27,Encina
10_07_24_PLSEP29_R1__E0000000__X00__241018_SG_WW__001,2024-09-29,Point Loma
10_07_24_PLSEP29_R2__E0000000__X00__241018_SG_WW__001,2024-09-29,Point Loma
10_07_24_PLSEP30_R2__E0000000__X00__241018_SG_WW__001,2024-09-30,Point Loma
10_07_24_ENCOCT01_R1__E0000000__X00__241018_SG_WW__001,2024-10-01,Encina
10_07_24_SBOCT01_R1__E0000000__X00__241018_SG_WW__001,2024-10-01,South Bay
10_07_24_PLOCT02_R1__E0000000__X00__241018_SG_WW__001,2024-10-02,Point Loma
10_07_24_ENCOCT02_R2__E0000000__X00__241018_SG_WW__001,2024-10-02,Encina
10_07_24_SBOCT03_R2__E0000000__X00__241018_SG_WW__001,2024-10-03,South Bay
10_21_24_PLOCT13_R1__E0000000__X00__241024_SG_WW__001,2024-10-13,Point Loma
10_21_24_PLOCT13_R1__E0000000__X00__241024_SG_WW_combined__001,2024-10-13,Point Loma
10_21_24_PLOCT13_R1__E0000000__X00__241101_SG_WW_2_separate__001,2024-10-13,Point Loma
10_21_24_PLOCT13_R1_L004__E0000000__X00__241101_SG_WW_2_separate__001,2024-10-13,Point Loma
10_21_24_PLOCT13_R1_L001__E0000000__X00__241101_SG_WW_2_separate__001,2024-10-13,Point Loma
10_21_24_PLOCT13_R1_L002__E0000000__X00__241101_SG_WW_2_separate__001,2024-10-13,Point Loma
10_21_24_PLOCT13_R1__E0000000__X00__241101_SG_WW_2__001,2024-10-13,Point Loma
10_21_24_PLOCT13_R1_L003__E0000000__X00__241101_SG_WW_2_separate__001,2024-10-13,Point Loma
10_21_24_PLOCT14_R1_L002__E0000000__X00__241101_SG_WW_2_separate__001,2024-10-14,Point Loma
10_21_24_PLOCT14_R1_L004__E0000000__X00__241101_SG_WW_2_separate__001,2024-10-14,Point Loma
10_21_24_PLOCT14_R1__E0000000__X00__241101_SG_WW_2_separate__001,2024-10-14,Point Loma
10_21_24_ENCOCT14_R2_L004__E0000000__X00__241101_SG_WW_2_separate__001,2024-10-14,Encina
10_21_24_PLOCT14_R1__E0000000__X00__241101_SG_WW_2__001,2024-10-14,Point Loma
10_21_24_ENCOCT14_R2_L003__E0000000__X00__241101_SG_WW_2_separate__001,2024-10-14,Encina
10_21_24_ENCOCT14_R2__E0000000__X00__241101_SG_WW_2__001,2024-10-14,Encina
10_21_24_ENCOCT14_R2__E0000000__X00__241101_SG_WW_2_separate__001,2024-10-14,Encina
10_21_24_PLOCT14_R1__E0000000__X00__241024_SG_WW__001,2024-10-14,Point Loma
10_21_24_ENCOCT14_R2_L002__E0000000__X00__241101_SG_WW_2_separate__001,2024-10-14,Encina
10_21_24_ENCOCT14_R2_L001__E0000000__X00__241101_SG_WW_2_separate__001,2024-10-14,Encina
10_21_24_PLOCT14_R1_L001__E0000000__X00__241101_SG_WW_2_separate__001,2024-10-14,Point Loma
10_21_24_PLOCT14_R1_L003__E0000000__X00__241101_SG_WW_2_separate__001,2024-10-14,Point Loma
10_21_24_PLOCT14_R1__E0000000__X00__241024_SG_WW_combined__001,2024-10-14,Point Loma
10_21_24_ENCOCT14_R2__E0000000__X00__241024_SG_WW_combined__001,2024-10-14,Encina
10_21_24_ENCOCT14_R2__E0000000__X00__241024_SG_WW__001,2024-10-14,Encina
10_21_24_PLOCT15_R2__E0000000__X00__241024_SG_WW_combined__001,2024-10-15,Point Loma
10_21_24_PLOCT15_R2__E0000000__X00__241101_SG_WW_2_separate__001,2024-10-15,Point Loma
10_21_24_PLOCT15_R2_L003__E0000000__X00__241101_SG_WW_2_separate__001,2024-10-15,Point Loma
10_21_24_PLOCT15_R2__E0000000__X00__241024_SG_WW__001,2024-10-15,Point Loma
10_21_24_PLOCT15_R2_L002__E0000000__X00__241101_SG_WW_2_separate__001,2024-10-15,Point Loma
10_21_24_PLOCT15_R2__E0000000__X00__241101_SG_WW_2__001,2024-10-15,Point Loma
10_21_24_PLOCT15_R2_L001__E0000000__X00__241101_SG_WW_2_separate__001,2024-10-15,Point Loma
10_21_24_PLOCT15_R2_L004__E0000000__X00__241101_SG_WW_2_separate__001,2024-10-15,Point Loma
10_21_24_PLOCT16_R1__E0000000__X00__241024_SG_WW__001,2024-10-16,Point Loma
10_21_24_ENCOCT16_R1__E0000000__X00__241024_SG_WW_combined__001,2024-10-16,Encina
10_21_24_PLOCT16_R1__E0000000__X00__241101_SG_WW_2__001,2024-10-16,Point Loma
10_21_24_PLOCT16_R1_L001__E0000000__X00__241101_SG_WW_2_separate__001,2024-10-16,Point Loma
10_21_24_ENCOCT16_R1__E0000000__X00__241101_SG_WW_2__001,2024-10-16,Encina
10_21_24_ENCOCT16_R1_L004__E0000000__X00__241101_SG_WW_2_separate__001,2024-10-16,Encina
10_21_24_ENCOCT16_R1_L001__E0000000__X00__241101_SG_WW_2_separate__001,2024-10-16,Encina
10_21_24_PLOCT16_R1_L002__E0000000__X00__241101_SG_WW_2_separate__001,2024-10-16,Point Loma
10_21_24_ENCOCT16_R1_L003__E0000000__X00__241101_SG_WW_2_separate__001,2024-10-16,Encina
10_21_24_ENCOCT16_R1__E0000000__X00__241024_SG_WW__001,2024-10-16,Encina
10_21_24_PLOCT16_R1_L004__E0000000__X00__241101_SG_WW_2_separate__001,2024-10-16,Point Loma
10_21_24_PLOCT16_R1__E0000000__X00__241101_SG_WW_2_separate__001,2024-10-16,Point Loma
10_21_24_PLOCT16_R1_L003__E0000000__X00__241101_SG_WW_2_separate__001,2024-10-16,Point Loma
10_21_24_ENCOCT16_R1_L002__E0000000__X00__241101_SG_WW_2_separate__001,2024-10-16,Encina
10_21_24_ENCOCT16_R1__E0000000__X00__241101_SG_WW_2_separate__001,2024-10-16,Encina
10_21_24_PLOCT16_R1__E0000000__X00__241024_SG_WW_combined__001,2024-10-16,Point Loma
10_21_24_SBOCT17_R2_L003__E0000000__X00__241101_SG_WW_2_separate__001,2024-10-17,South Bay
10_21_24_SBOCT17_R2__E0000000__X00__241024_SG_WW__001,2024-10-17,South Bay
10_21_24_SBOCT17_R2_L001__E0000000__X00__241101_SG_WW_2_separate__001,2024-10-17,South Bay
10_21_24_SBOCT17_R2__E0000000__X00__241101_SG_WW_2__001,2024-10-17,South Bay
10_21_24_SBOCT17_R2_L002__E0000000__X00__241101_SG_WW_2_separate__001,2024-10-17,South Bay
10_21_24_SBOCT17_R2_L004__E0000000__X00__241101_SG_WW_2_separate__001,2024-10-17,South Bay
10_21_24_SBOCT17_R2__E0000000__X00__241024_SG_WW_combined__001,2024-10-17,South Bay
10_21_24_SBOCT17_R2__E0000000__X00__241101_SG_WW_2_separate__001,2024-10-17,South Bay
10_21_24_SBOCT20_R1_L004__E0000000__X00__241101_SG_WW_2_separate__001,2024-10-20,South Bay
10_21_24_SBOCT20_R1__E0000000__X00__241101_SG_WW_2_separate__001,2024-10-20,South Bay
10_28_24_PLOCT20_R1__E0000000__X00__241101_SG_WW_3__001,2024-10-20,Point Loma
10_21_24_SBOCT20_R1_L001__E0000000__X00__241101_SG_WW_2_separate__001,2024-10-20,South Bay
10_21_24_SBOCT20_R1_L003__E0000000__X00__241101_SG_WW_2_separate__001,2024-10-20,South Bay
10_21_24_SBOCT20_R1__E0000000__X00__241024_SG_WW__001,2024-10-20,South Bay
10_21_24_SBOCT20_R1_L002__E0000000__X00__241101_SG_WW_2_separate__001,2024-10-20,South Bay
10_21_24_SBOCT20_R1__E0000000__X00__241024_SG_WW_combined__001,2024-10-20,South Bay
10_21_24_SBOCT20_R1__E0000000__X00__241101_SG_WW_2__001,2024-10-20,South Bay
10_28_24_PLOCT21_R2__E0000000__X00__241101_SG_WW_3__001,2024-10-21,Point Loma
10_28_24_ENCOCT21_R2__E0000000__X00__241101_SG_WW_3__001,2024-10-21,Encina
10_28_24_PLOCT22_R1__E0000000__X00__241101_SG_WW_3__001,2024-10-22,Point Loma
10_28_24_SBOCT22_R2__E0000000__X00__241101_SG_WW_3__001,2024-10-22,South Bay
10_28_24_PLOCT23_R2__E0000000__X00__241101_SG_WW_3__001,2024-10-23,Point Loma
10_28_24_SBOCT24_R2__E0000000__X00__241101_SG_WW_3__001,2024-10-24,South Bay
11_04_24_PLOCT27_R1_Z__E0000000__X00__241107_SG_WW_4__001,2024-10-27,Point Loma
11_04_24_PLOCT27_R1__E0000000__X00__241107_SG_WW_3__001,2024-10-27,Point Loma
11_04_24_PLOCT27_R1_combined__E0000000__X00__241107_SG_WW_combined__001,2024-10-27,Point Loma
10_28_24_SBOCT27_R2__E0000000__X00__241101_SG_WW_3__001,2024-10-27,South Bay
11_04_24_PLOCT28_R2__E0000000__X00__241107_SG_WW_3__001,2024-10-28,Point Loma
11_04_24_PLOCT28_R2_combined__E0000000__X00__241107_SG_WW_combined__001,2024-10-28,Point Loma
11_04_24_PLOCT28_R2_Z__E0000000__X00__241107_SG_WW_4__001,2024-10-28,Point Loma
11_04_24_SBOCT29_R1_combined__E0000000__X00__241107_SG_WW_combined__001,2024-10-29,South Bay
11_04_24_ENCOCT29_R1__E0000000__X00__241107_SG_WW_3__001,2024-10-29,Encina
11_04_24_ENCOCT29_R1_Z__E0000000__X00__241107_SG_WW_4__001,2024-10-29,Encina
11_04_24_SBOCT29_R1__E0000000__X00__241107_SG_WW_3__001,2024-10-29,South Bay
11_04_24_PLOCT29_R2__E0000000__X00__241107_SG_WW_3__001,2024-10-29,Point Loma
11_04_24_PLOCT29_R2_Z__E0000000__X00__241107_SG_WW_4__001,2024-10-29,Point Loma
11_04_24_PLOCT29_R2_combined__E0000000__X00__241107_SG_WW_combined__001,2024-10-29,Point Loma
11_04_24_SBOCT29_R1_Z__E0000000__X00__241107_SG_WW_4__001,2024-10-29,South Bay
11_04_24_ENCOCT29_R1_combined__E0000000__X00__241107_SG_WW_combined__001,2024-10-29,Encina
11_04_24_ENCOCT30_R2__E0000000__X00__241107_SG_WW_3__001,2024-10-30,Encina
11_04_24_ENCOCT30_R2_combined__E0000000__X00__241107_SG_WW_combined__001,2024-10-30,Encina
11_04_24_ENCOCT30_R2_Z__E0000000__X00__241107_SG_WW_4__001,2024-10-30,Encina
11_04_24_SBOCT31_R1_combined__E0000000__X00__241107_SG_WW_combined__001,2024-10-31,South Bay
11_04_24_SBOCT31_R1__E0000000__X00__241107_SG_WW_3__001,2024-10-31,South Bay
11_04_24_SBOCT31_R1_Z__E0000000__X00__241107_SG_WW_4__001,2024-10-31,South Bay
11_04_24_ENCNOV01_R2_Z__E0000000__X00__241107_SG_WW_4__001,2024-11-01,Encina
11_04_24_ENCNOV01_R2_combined__E0000000__X00__241107_SG_WW_combined__001,2024-11-01,Encina
11_04_24_ENCNOV01_R2__E0000000__X00__241107_SG_WW_3__001,2024-11-01,Encina
11_12_24_PLNOV03_R2__E0000000__X00__241115_SG_WW__001,2024-11-03,Point Loma
11_12_24_PLNOV05_R1__E0000000__X00__241115_SG_WW__001,2024-11-05,Point Loma
11_12_24_ENCNOV05_R2__E0000000__X00__241115_SG_WW__001,2024-11-05,Encina
11_12_24_PLNOV06_R1__E0000000__X00__241115_SG_WW__001,2024-11-06,Point Loma
11_12_24_ENCNOV06_R1__E0000000__X00__241115_SG_WW__001,2024-11-06,Encina
11_12_24_SBNOV07_R2__E0000000__X00__241115_SG_WW__001,2024-11-07,South Bay
11_12_24_ENCNOV08_R1__E0000000__X00__241115_SG_WW__001,2024-11-08,Encina
11_18_24_PLNOV10_R1_L002__E0000000__X00__241125_SG_WW_1_separate__001,2024-11-10,Point Loma
11_12_24_SBNOV10_R1__E0000000__X00__241115_SG_WW__001,2024-11-10,South Bay
11_18_24_PLNOV10_R1_L004__E0000000__X00__241125_SG_WW_2_separate__001,2024-11-10,Point Loma
11_18_24_PLNOV10_R1_L003__E0000000__X00__241125_SG_WW_2_separate__001,2024-11-10,Point Loma
11_18_24_PLNOV10_R1_L003__E0000000__X00__241125_SG_WW_1_separate__001,2024-11-10,Point Loma
11_18_24_PLNOV10_R1_L004__E0000000__X00__241125_SG_WW_1_separate__001,2024-11-10,Point Loma
11_18_24_PLNOV10_R1__E0000000__X00__241125_SG_WW_2_separate__001,2024-11-10,Point Loma
11_18_24_PLNOV10_R1__E0000000__X00__241125_SG_WW_combined__001,2024-11-10,Point Loma
11_18_24_PLNOV10_R1_L001__E0000000__X00__241125_SG_WW_2_separate__001,2024-11-10,Point Loma
11_18_24_PLNOV10_R1_L002__E0000000__X00__241125_SG_WW_2_separate__001,2024-11-10,Point Loma
11_18_24_PLNOV11_R2_L001__E0000000__X00__241125_SG_WW_2_separate__001,2024-11-11,Point Loma
11_18_24_PLNOV11_R2_L004__E0000000__X00__241125_SG_WW_1_separate__001,2024-11-11,Point Loma
11_18_24_PLNOV11_R2_L003__E0000000__X00__241125_SG_WW_2_separate__001,2024-11-11,Point Loma
11_18_24_PLNOV11_R2__E0000000__X00__241125_SG_WW_combined__001,2024-11-11,Point Loma
11_18_24_PLNOV11_R2_L003__E0000000__X00__241125_SG_WW_1_separate__001,2024-11-11,Point Loma
11_18_24_PLNOV11_R2_L002__E0000000__X00__241125_SG_WW_1_separate__001,2024-11-11,Point Loma
11_18_24_PLNOV11_R2__E0000000__X00__241125_SG_WW_2_separate__001,2024-11-11,Point Loma
11_18_24_PLNOV11_R2_L004__E0000000__X00__241125_SG_WW_2_separate__001,2024-11-11,Point Loma
11_18_24_PLNOV11_R2_L002__E0000000__X00__241125_SG_WW_2_separate__001,2024-11-11,Point Loma
11_18_24_ENCNOV12_R2_L004__E0000000__X00__241125_SG_WW_1_separate__001,2024-11-12,Encina
11_18_24_ENCNOV12_R2_L002__E0000000__X00__241125_SG_WW_1_separate__001,2024-11-12,Encina
11_18_24_SBNOV12_R2_L001__E0000000__X00__241125_SG_WW_2_separate__001,2024-11-12,South Bay
11_18_24_SBNOV12_R2_L002__E0000000__X00__241125_SG_WW_1_separate__001,2024-11-12,South Bay
11_18_24_SBNOV12_R2_L002__E0000000__X00__241125_SG_WW_2_separate__001,2024-11-12,South Bay
11_18_24_PLNOV12_R1_L002__E0000000__X00__241125_SG_WW_1_separate__001,2024-11-12,Point Loma
11_18_24_ENCNOV12_R2_L003__E0000000__X00__241125_SG_WW_2_separate__001,2024-11-12,Encina
11_18_24_SBNOV12_R2_L003__E0000000__X00__241125_SG_WW_2_separate__001,2024-11-12,South Bay
11_18_24_SBNOV12_R2_L003__E0000000__X00__241125_SG_WW_1_separate__001,2024-11-12,South Bay
11_18_24_PLNOV12_R1__E0000000__X00__241125_SG_WW_combined__001,2024-11-12,Point Loma
11_18_24_ENCNOV12_R2_L004__E0000000__X00__241125_SG_WW_2_separate__001,2024-11-12,Encina
11_18_24_SBNOV12_R2_L004__E0000000__X00__241125_SG_WW_2_separate__001,2024-11-12,South Bay
11_18_24_PLNOV12_R1_L003__E0000000__X00__241125_SG_WW_1_separate__001,2024-11-12,Point Loma
11_18_24_SBNOV12_R2__E0000000__X00__241125_SG_WW_2_separate__001,2024-11-12,South Bay
11_18_24_PLNOV12_R1_L003__E0000000__X00__241125_SG_WW_2_separate__001,2024-11-12,Point Loma
11_18_24_SBNOV12_R2_L004__E0000000__X00__241125_SG_WW_1_separate__001,2024-11-12,South Bay
11_18_24_PLNOV12_R1_L002__E0000000__X00__241125_SG_WW_2_separate__001,2024-11-12,Point Loma
11_18_24_ENCNOV12_R2_L001__E0000000__X00__241125_SG_WW_2_separate__001,2024-11-12,Encina
11_18_24_PLNOV12_R1_L001__E0000000__X00__241125_SG_WW_2_separate__001,2024-11-12,Point Loma
11_18_24_ENCNOV12_R2__E0000000__X00__241125_SG_WW_combined__001,2024-11-12,Encina
11_18_24_PLNOV12_R1_L004__E0000000__X00__241125_SG_WW_1_separate__001,2024-11-12,Point Loma
11_18_24_ENCNOV12_R2_L002__E0000000__X00__241125_SG_WW_2_separate__001,2024-11-12,Encina
11_18_24_ENCNOV12_R2_L003__E0000000__X00__241125_SG_WW_1_separate__001,2024-11-12,Encina
11_18_24_ENCNOV12_R2__E0000000__X00__241125_SG_WW_2_separate__001,2024-11-12,Encina
11_18_24_SBNOV12_R2__E0000000__X00__241125_SG_WW_combined__001,2024-11-12,South Bay
11_18_24_PLNOV12_R1__E0000000__X00__241125_SG_WW_2_separate__001,2024-11-12,Point Loma
11_18_24_PLNOV12_R1_L004__E0000000__X00__241125_SG_WW_2_separate__001,2024-11-12,Point Loma
11_18_24_PLNOV13_R1_L001__E0000000__X00__241125_SG_WW_2_separate__001,2024-11-13,Point Loma
11_18_24_PLNOV13_R1_L004__E0000000__X00__241125_SG_WW_2_separate__001,2024-11-13,Point Loma
11_18_24_PLNOV13_R1_L004__E0000000__X00__241125_SG_WW_1_separate__001,2024-11-13,Point Loma
11_18_24_PLNOV13_R1__E0000000__X00__241125_SG_WW_2_separate__001,2024-11-13,Point Loma
11_18_24_PLNOV13_R1_L003__E0000000__X00__241125_SG_WW_2_separate__001,2024-11-13,Point Loma
11_18_24_PLNOV13_R1_L002__E0000000__X00__241125_SG_WW_1_separate__001,2024-11-13,Point Loma
11_18_24_PLNOV13_R1_L002__E0000000__X00__241125_SG_WW_2_separate__001,2024-11-13,Point Loma
11_18_24_PLNOV13_R1__E0000000__X00__241125_SG_WW_combined__001,2024-11-13,Point Loma
11_18_24_PLNOV13_R1_L003__E0000000__X00__241125_SG_WW_1_separate__001,2024-11-13,Point Loma
11_18_24_ENCNOV14_R2__E0000000__X00__241125_SG_WW_combined__001,2024-11-14,Encina
11_18_24_ENCNOV14_R2_L004__E0000000__X00__241125_SG_WW_1_separate__001,2024-11-14,Encina
11_18_24_ENCNOV14_R2_L003__E0000000__X00__241125_SG_WW_2_separate__001,2024-11-14,Encina
11_18_24_ENCNOV14_R2_L002__E0000000__X00__241125_SG_WW_1_separate__001,2024-11-14,Encina
11_18_24_ENCNOV14_R2__E0000000__X00__241125_SG_WW_2_separate__001,2024-11-14,Encina
11_18_24_ENCNOV14_R2_L001__E0000000__X00__241125_SG_WW_2_separate__001,2024-11-14,Encina
11_18_24_ENCNOV14_R2_L004__E0000000__X00__241125_SG_WW_2_separate__001,2024-11-14,Encina
11_18_24_ENCNOV14_R2_L002__E0000000__X00__241125_SG_WW_2_separate__001,2024-11-14,Encina
11_18_24_ENCNOV14_R2_L003__E0000000__X00__241125_SG_WW_1_separate__001,2024-11-14,Encina
11_25_24_PLNOV17_R2__E0000000__X00__241205_SG_WW_3__001,2024-11-17,Point Loma
11_18_24_SBNOV17_R2_L003__E0000000__X00__241125_SG_WW_2_separate__001,2024-11-17,South Bay
11_18_24_SBNOV17_R2_L004__E0000000__X00__241125_SG_WW_1_separate__001,2024-11-17,South Bay
11_18_24_SBNOV17_R2__E0000000__X00__241125_SG_WW_2_separate__001,2024-11-17,South Bay
11_18_24_SBNOV17_R2_L002__E0000000__X00__241125_SG_WW_2_separate__001,2024-11-17,South Bay
11_18_24_SBNOV17_R2_L001__E0000000__X00__241125_SG_WW_2_separate__001,2024-11-17,South Bay
11_18_24_SBNOV17_R2__E0000000__X00__241125_SG_WW_combined__001,2024-11-17,South Bay
11_18_24_SBNOV17_R2_L004__E0000000__X00__241125_SG_WW_2_separate__001,2024-11-17,South Bay
11_18_24_SBNOV17_R2_L003__E0000000__X00__241125_SG_WW_1_separate__001,2024-11-17,South Bay
11_18_24_SBNOV17_R2_L002__E0000000__X00__241125_SG_WW_1_separate__001,2024-11-17,South Bay
11_25_24_PLNOV18_R2__E0000000__X00__241205_SG_WW_3__001,2024-11-18,Point Loma
11_25_24_PLNOV19_R1__E0000000__X00__241205_SG_WW_3__001,2024-11-19,Point Loma
11_25_24_SBNOV19_R2__E0000000__X00__241205_SG_WW_3__001,2024-11-19,South Bay
11_25_24_PLNOV20_R2__E0000000__X00__241205_SG_WW_3__001,2024-11-20,Point Loma
11_25_24_ENCNOV20_R1__E0000000__X00__241205_SG_WW_3__001,2024-11-20,Encina
11_25_24_ENCNOV21_R2__E0000000__X00__241205_SG_WW_3__001,2024-11-21,Encina
11_25_24_SBNOV21_R2__E0000000__X00__241205_SG_WW_3__001,2024-11-21,South Bay
12_02_24_PLNOV24_R2__E0000000__X00__241205_SG_WW_4__001,2024-11-24,Point Loma
12_02_24_PLNOV25_R2__E0000000__X00__241205_SG_WW_4__001,2024-11-25,Point Loma
12_02_24_PLNOV26_R1__E0000000__X00__241205_SG_WW_4__001,2024-11-26,Point Loma
12_02_24_SBNOV26_R2__E0000000__X00__241205_SG_WW_4__001,2024-11-26,South Bay
12_02_24_PLNOV27_R1__E0000000__X00__241205_SG_WW_4__001,2024-11-27,Point Loma
12_02_24_ENCNOV27_R1__E0000000__X00__241205_SG_WW_4__001,2024-11-27,Encina
12_02_24_SBNOV28_R2__E0000000__X00__241205_SG_WW_4__001,2024-11-28,South Bay
12_02_24_ENCNOV28_R1__E0000000__X00__241205_SG_WW_4__001,2024-11-28,Encina
12_09_24_PLDEC01_R1__E0000000__X00__241212_SG_WW__001,2024-12-01,Point Loma
12_09_24_PLDEC02_R2__E0000000__X00__241212_SG_WW__001,2024-12-02,Point Loma
12_09_24_ENCDEC02_R1__E0000000__X00__241212_SG_WW__001,2024-12-02,Encina
12_09_24_ENCDEC03_R2__E0000000__X00__241212_SG_WW__001,2024-12-03,Encina
12_09_24_SBDEC03_R2__E0000000__X00__241212_SG_WW__001,2024-12-03,South Bay
12_09_24_PLDEC03_R2__E0000000__X00__241212_SG_WW__001,2024-12-03,Point Loma
12_09_24_ENCDEC06_R2__E0000000__X00__241212_SG_WW__001,2024-12-06,Encina
12_09_24_SBDEC08_R2__E0000000__X00__241212_SG_WW__001,2024-12-08,South Bay
12_16_24_PLDEC08_R1__E0000000__X00__241219_SG_WW__001,2024-12-08,Point Loma
12_16_24_ENCDEC09_R1__E0000000__X00__241219_SG_WW__001,2024-12-09,Encina
12_16_24_ENCDEC10_R1__E0000000__X00__241219_SG_WW__001,2024-12-10,Encina
12_16_24_PLDEC10_R1__E0000000__X00__241219_SG_WW__001,2024-12-10,Point Loma
12_16_24_PLDEC11_R1__E0000000__X00__241219_SG_WW__001,2024-12-11,Point Loma
12_16_24_SBDEC12_R2__E0000000__X00__241219_SG_WW__001,2024-12-12,South Bay
12_16_24_ENCDEC12_R1__E0000000__X00__241219_SG_WW__001,2024-12-12,Encina
12_16_24_SBDEC15_R2__E0000000__X00__241219_SG_WW__001,2024-12-15,South Bay
01_06_25_PLDEC29_R1__E0000000__X00__250205_01-06-25_WW__001,2024-12-29,Point Loma
01_06_25_ENCDEC30_R1__E0000000__X00__250205_01-06-25_WW__001,2024-12-30,Encina
01_06_25_SBDEC31_R1__E0000000__X00__250205_01-06-25_WW__001,2024-12-31,South Bay
01_06_25_PLDEC31_R2__E0000000__X00__250205_01-06-25_WW__001,2024-12-31,Point Loma
