sample	MedianCoverage
01_06_25_ENCDEC30_R1__E0000000__X00__250205_01-06-25_WW__001.trimmed.sorted.bam	1001
01_06_25_ENCJAN01_R1__E0000000__X00__250205_01-06-25_WW__001.trimmed.sorted.bam	783
01_06_25_ENCJAN02_R2__E0000000__X00__250205_01-06-25_WW__001.trimmed.sorted.bam	533
01_06_25_PLDEC29_R1__E0000000__X00__250205_01-06-25_WW__001.trimmed.sorted.bam	484
01_06_25_PLDEC31_R2__E0000000__X00__250205_01-06-25_WW__001.trimmed.sorted.bam	1124
01_06_25_PLJAN01_R1__E0000000__X00__250205_01-06-25_WW__001.trimmed.sorted.bam	1225
01_06_25_SBDEC31_R1__E0000000__X00__250205_01-06-25_WW__001.trimmed.sorted.bam	488
01_06_25_SBJAN05_R2__E0000000__X00__250205_01-06-25_WW__001.trimmed.sorted.bam	1444
01.08.24.ENCDEC29.R2__NA__NA__240112_WW__00X.trimmed.sorted.unfiltered.bam	6298
01.08.24.ENCJAN05.R1__NA__NA__240112_WW__00X.trimmed.sorted.unfiltered.bam	6612
01.08.24.PLDEC31.R1__NA__NA__240112_WW__00X.trimmed.sorted.unfiltered.bam	5773
01.08.24.PLJAN01.R1__NA__NA__240112_WW__00X.trimmed.sorted.unfiltered.bam	6675
01.08.24.PLJAN02.R2__NA__NA__240112_WW__00X.trimmed.sorted.unfiltered.bam	5081
01.08.24.PLJAN03.R2__NA__NA__240112_WW__00X.trimmed.sorted.unfiltered.bam	6512.5
01.08.24.SBJAN04.R1__NA__NA__240112_WW__00X.trimmed.sorted.unfiltered.bam	9228
01.08.24.SBJAN07.R1__NA__NA__240112_WW__00X.trimmed.sorted.unfiltered.bam	2690
01.22.24.ENCJAN16.R2__NA__NA__240126_WW__00X.trimmed.sorted.unfiltered.bam	5273
01.22.24.ENCJAN17.R2__NA__NA__240126_WW__00X.trimmed.sorted.unfiltered.bam	9137
01.22.24.PLJAN14.R1__NA__NA__240126_WW__00X.trimmed.sorted.unfiltered.bam	6025
01.22.24.PLJAN15.R2__NA__NA__240126_WW__00X.trimmed.sorted.unfiltered.bam	5284
01.22.24.PLJAN16.R1__NA__NA__240126_WW__00X.trimmed.sorted.unfiltered.bam	9397
01.22.24.PLJAN17.R1__NA__NA__240126_WW__00X.trimmed.sorted.unfiltered.bam	11204
01.22.24.SBJAN16.R1__NA__NA__240126_WW__00X.trimmed.sorted.unfiltered.bam	10411.5
01.22.24.SBJAN18.R1__NA__NA__240126_WW__00X.trimmed.sorted.unfiltered.bam	12451.5
01.30.24.ENCJAN25.R2__NA__NA__240202_WW__00X.trimmed.sorted.unfiltered.bam	4905
01.30.24.ENCJAN26.R1__NA__NA__240202_WW__00X.trimmed.sorted.unfiltered.bam	8840.5
01.30.24.PLJAN21.R1__NA__NA__240202_WW__00X.trimmed.sorted.unfiltered.bam	10724
01.30.24.PLJAN22.R2__NA__NA__240202_WW__00X.trimmed.sorted.unfiltered.bam	8939
01.30.24.PLJAN23.R2__NA__NA__240202_WW__00X.trimmed.sorted.unfiltered.bam	11817.5
01.30.24.PLJAN24.R1__NA__NA__240202_WW__00X.trimmed.sorted.unfiltered.bam	14169
01.30.24.SBJAN25.R1__NA__NA__240202_WW__00X.trimmed.sorted.unfiltered.bam	7505
01.30.24.SBJAN28.R2__NA__NA__240202_WW__00X.trimmed.sorted.unfiltered.bam	9627.5
02.05.24.ENCJAN30.R1__NA__NA__240209_WW__00X.trimmed.sorted.unfiltered.bam	6080
02.05.24.ENCJAN31.R2__NA__NA__240209_WW__00X.trimmed.sorted.unfiltered.bam	9411
02.05.24.PLJAN28.R2__NA__NA__240209_WW__00X.trimmed.sorted.unfiltered.bam	7885
02.05.24.PLJAN29.R1__NA__NA__240209_WW__00X.trimmed.sorted.unfiltered.bam	6187
02.05.24.PLJAN30.R1__NA__NA__240209_WW__00X.trimmed.sorted.unfiltered.bam	9225
02.05.24.PLJAN31.R2__NA__NA__240209_WW__00X.trimmed.sorted.unfiltered.bam	12176.5
02.05.24.SBFEB01.R2__NA__NA__240209_WW__00X.trimmed.sorted.unfiltered.bam	6313
02.05.24.SBFEB04.R1__NA__NA__240209_WW__00X.trimmed.sorted.unfiltered.bam	9986
02.12.24.ENCFEB06.R2__NA__NA__240223_WW__00X.trimmed.sorted.unfiltered.bam	6676
02.12.24.ENCFEB09.R2__NA__NA__240223_WW__00X.trimmed.sorted.unfiltered.bam	2349
02.12.24.PLFEB04.R2__NA__NA__240223_WW__00X.trimmed.sorted.unfiltered.bam	6479
02.12.24.PLFEB05.R2__NA__NA__240223_WW__00X.trimmed.sorted.unfiltered.bam	8306.5
02.12.24.PLFEB06.R1__NA__NA__240223_WW__00X.trimmed.sorted.unfiltered.bam	9020.5
02.12.24.PLFEB07.R1__NA__NA__240223_WW__00X.trimmed.sorted.unfiltered.bam	6952.5
02.12.24.SBFEB06.R1__NA__NA__240223_WW__00X.trimmed.sorted.unfiltered.bam	11226
02.12.24.SBFEB08.R1__NA__NA__240223_WW__00X.trimmed.sorted.unfiltered.bam	8933
02.20.24.ENCFEB13.R1__NA__NA__240223_WW__00X.trimmed.sorted.unfiltered.bam	2886
02.20.24.ENCFEB19.R2__NA__NA__240223_WW__00X.trimmed.sorted.unfiltered.bam	2362
02.20.24.PLFEB11.R1__NA__NA__240223_WW__00X.trimmed.sorted.unfiltered.bam	5951.5
02.20.24.PLFEB12.R1__NA__NA__240223_WW__00X.trimmed.sorted.unfiltered.bam	8249.5
02.20.24.PLFEB13.R2__NA__NA__240223_WW__00X.trimmed.sorted.unfiltered.bam	10054
02.20.24.PLFEB14.R2__NA__NA__240223_WW__00X.trimmed.sorted.unfiltered.bam	9414.5
02.20.24.SBFEB15.R2__NA__NA__240223_WW__00X.trimmed.sorted.unfiltered.bam	9769
02.20.24.SBFEB18.R2__NA__NA__240223_WW__00X.trimmed.sorted.unfiltered.bam	9372
02.26.24.ENCFEB22.R1__NA__NA__240301_WW__00X.trimmed.sorted.unfiltered.bam	9275
02.26.24.ENCFEB23.R2__NA__NA__240301_WW__00X.trimmed.sorted.unfiltered.bam	5828
02.26.24.PLFEB18.R2__NA__NA__240301_WW__00X.trimmed.sorted.unfiltered.bam	10319
02.26.24.PLFEB19.R1__NA__NA__240301_WW__00X.trimmed.sorted.unfiltered.bam	9830
02.26.24.PLFEB20.R2__NA__NA__240301_WW__00X.trimmed.sorted.unfiltered.bam	11014
02.26.24.PLFEB21.R1__NA__NA__240301_WW__00X.trimmed.sorted.unfiltered.bam	10679.5
02.26.24.SBFEB20.R1__NA__NA__240301_WW__00X.trimmed.sorted.unfiltered.bam	4779
02.26.24.SBFEB25.R2__NA__NA__240301_WW__00X.trimmed.sorted.unfiltered.bam	6739.5
03_04_24_ENCFEB29_sub_R2__E0000000__X00__240314_WW_75__008.trimmed.sorted.bam	148
03_04_24_ENCMAR01_sub_R2__E0000000__X00__240314_WW_75__008.trimmed.sorted.bam	48
03_04_24_PLFEB25_sub_R1__E0000000__X00__240314_WW_75__008.trimmed.sorted.bam	122
03_04_24_PLFEB26_sub_R1__E0000000__X00__240314_WW_75__008.trimmed.sorted.bam	46
03_04_24_PLFEB27_sub_R1__E0000000__X00__240314_WW_75__008.trimmed.sorted.bam	30
03_04_24_PLFEB28_sub_R2__E0000000__X00__240314_WW_75__008.trimmed.sorted.bam	141
03_04_24_SBFEB27_sub_R2__E0000000__X00__240314_WW_75__008.trimmed.sorted.bam	107
03_04_24_SBFEB29_sub_R2__E0000000__X00__240314_WW_75__008.trimmed.sorted.bam	55
03_11_24_ENCMAR04_R2__E0000000__X00__240318_NextSeq_WW__001.trimmed.sorted.bam	419
03_11_24_ENCMAR08_R2__E0000000__X00__240318_NextSeq_WW__001.trimmed.sorted.bam	351
03_11_24_PLMAR03_R2__E0000000__X00__240318_NextSeq_WW__001.trimmed.sorted.bam	1304
03_11_24_PLMAR04_R2__E0000000__X00__240318_NextSeq_WW__001.trimmed.sorted.bam	1277
03_11_24_PLMAR05_R1__E0000000__X00__240318_NextSeq_WW__001.trimmed.sorted.bam	1378
03_11_24_PLMAR06_R2__E0000000__X00__240318_NextSeq_WW__001.trimmed.sorted.bam	2940
03_11_24_SBMAR07_R1__E0000000__X00__240318_NextSeq_WW__001.trimmed.sorted.bam	2417
03_11_24_SBMAR10_R1__E0000000__X00__240318_NextSeq_WW__001.trimmed.sorted.bam	388
03_18_24_ENCMAR13_R1__E0000000__X00__240323_NextSeq_WW__001.trimmed.sorted.bam	345
03_18_24_ENCMAR15_R1__E0000000__X00__240323_NextSeq_WW__001.trimmed.sorted.bam	330
03_18_24_PLMAR10_R1__E0000000__X00__240323_NextSeq_WW__001.trimmed.sorted.bam	654
03_18_24_PLMAR11_R2__E0000000__X00__240323_NextSeq_WW__001.trimmed.sorted.bam	1232
03_18_24_PLMAR12_R2__E0000000__X00__240323_NextSeq_WW__001.trimmed.sorted.bam	4811
03_18_24_PLMAR13_R2__E0000000__X00__240323_NextSeq_WW__001.trimmed.sorted.bam	1193
03_18_24_SBMAR12_R2__E0000000__X00__240323_NextSeq_WW__001.trimmed.sorted.bam	614
03_18_24_SBMAR17_R2__E0000000__X00__240323_NextSeq_WW__001.trimmed.sorted.bam	27767
03_25_24_ENCMAR19_R2__E0000000__X00__240401_NextSeq_WW__001.trimmed.sorted.bam	183
03_25_24_ENCMAR20_R1__E0000000__X00__240401_NextSeq_WW__001.trimmed.sorted.bam	563
03_25_24_PLMAR17_R2__E0000000__X00__240401_NextSeq_WW__001.trimmed.sorted.bam	252
03_25_24_PLMAR18_R1__E0000000__X00__240401_NextSeq_WW__001.trimmed.sorted.bam	621
03_25_24_PLMAR19_R2__E0000000__X00__240401_NextSeq_WW__001.trimmed.sorted.bam	571
03_25_24_PLMAR20_R2__E0000000__X00__240401_NextSeq_WW__001.trimmed.sorted.bam	243
03_25_24_SBMAR19_R2__E0000000__X00__240401_NextSeq_WW__001.trimmed.sorted.bam	569.5
03_25_24_SBMAR24_R1__E0000000__X00__240401_NextSeq_WW__001.trimmed.sorted.bam	285
04_01_24_ENCMAR27_R1__E0000000__X00__240409_NextSeq_WW__001.trimmed.sorted.bam	6975
04_01_24_ENCMAR29_R2__E0000000__X00__240409_NextSeq_WW__001.trimmed.sorted.bam	1844
04_02_24_PLMAR24_R2__E0000000__X00__240409_NextSeq_WW__001.trimmed.sorted.bam	229
04_02_24_PLMAR25_R1__E0000000__X00__240409_NextSeq_WW__001.trimmed.sorted.bam	1404
04_02_24_PLMAR26_R2__E0000000__X00__240409_NextSeq_WW__001.trimmed.sorted.bam	735
04_02_24_PLMAR27_R1__E0000000__X00__240409_NextSeq_WW__001.trimmed.sorted.bam	643
04_02_24_SBMAR28_R1__E0000000__X00__240409_NextSeq_WW__001.trimmed.sorted.bam	7811
04_02_24_SBMAR31_R1__E0000000__X00__240409_NextSeq_WW__001.trimmed.sorted.bam	2096
04_08_24_ENCAPR02_R1__E0000000__X00__240415_NextSeq_WW__001.trimmed.sorted.bam	114
04_08_24_ENCAPR05_R2__E0000000__X00__240415_NextSeq_WW__001.trimmed.sorted.bam	877
04_08_24_PLAPR01_R2__E0000000__X00__240415_NextSeq_WW__001.trimmed.sorted.bam	430
04_08_24_PLAPR02_R2__E0000000__X00__240415_NextSeq_WW__001.trimmed.sorted.bam	2073
04_08_24_PLAPR03_R2__E0000000__X00__240415_NextSeq_WW__001.trimmed.sorted.bam	349
04_08_24_PLMAR31_R2__E0000000__X00__240415_NextSeq_WW__001.trimmed.sorted.bam	337
04_08_24_SBAPR02_R1__E0000000__X00__240415_NextSeq_WW__001.trimmed.sorted.bam	13814
04_08_24_SBAPR04_R2__E0000000__X00__240415_NextSeq_WW__001.trimmed.sorted.bam	1620
04_22_24_ENCAPR16_R1__E0000000__X00__240429_NextSeq_WW__001.trimmed.sorted.bam	139
04_22_24_ENCAPR18_R1__E0000000__X00__240429_NextSeq_WW__001.trimmed.sorted.bam	58
04_22_24_PLAPR14_R2__E0000000__X00__240429_NextSeq_WW__001.trimmed.sorted.bam	419
04_22_24_PLAPR15_R1__E0000000__X00__240429_NextSeq_WW__001.trimmed.sorted.bam	135
04_22_24_PLAPR16_R1__E0000000__X00__240429_NextSeq_WW__001.trimmed.sorted.bam	1080
04_22_24_PLAPR17_R2__E0000000__X00__240429_NextSeq_WW__001.trimmed.sorted.bam	270
04_22_24_SBAPR16_R1__E0000000__X00__240429_NextSeq_WW__001.trimmed.sorted.bam	4425
04_22_24_SBAPR18_R1__E0000000__X00__240429_NextSeq_WW__001.trimmed.sorted.bam	2882.5
04_29_24_ENCAPR25_R2__E0000000__X00__240509_NextSeq_WW__001.trimmed.sorted.bam	445
04_29_24_ENCAPR26_R2__E0000000__X00__240509_NextSeq_WW__001.trimmed.sorted.bam	437
04_29_24_PLAPR21_R1__E0000000__X00__240509_NextSeq_WW__001.trimmed.sorted.bam	182
04_29_24_PLAPR22_R1__E0000000__X00__240509_NextSeq_WW__001.trimmed.sorted.bam	152
04_29_24_PLAPR23_R1__E0000000__X00__240509_NextSeq_WW__001.trimmed.sorted.bam	283
04_29_24_PLAPR24_R1__E0000000__X00__240509_NextSeq_WW__001.trimmed.sorted.bam	271
04_29_24_SBAPR25_R1__E0000000__X00__240509_NextSeq_WW__001.trimmed.sorted.bam	602
04_29_24_SBAPR28_R1__E0000000__X00__240509_NextSeq_WW__001.trimmed.sorted.bam	188
05_06_24_ENCAPR29_R2__E0000000__X00__240512_NextSeq_WW__001.trimmed.sorted.bam	383
05_06_24_ENCMAY01_R1__E0000000__X00__240512_NextSeq_WW__001.trimmed.sorted.bam	63
05_06_24_PLAPR28_R1__E0000000__X00__240512_NextSeq_WW__001.trimmed.sorted.bam	327
05_06_24_PLAPR29_R2__E0000000__X00__240512_NextSeq_WW__001.trimmed.sorted.bam	251
05_06_24_PLAPR30_R1__E0000000__X00__240512_NextSeq_WW__001.trimmed.sorted.bam	598
05_06_24_PLMAY01_R2__E0000000__X00__240512_NextSeq_WW__001.trimmed.sorted.bam	993
05_06_24_SBAPR30_R2__E0000000__X00__240512_NextSeq_WW__001.trimmed.sorted.bam	123
05_06_24_SBMAY02_R1__E0000000__X00__240512_NextSeq_WW__001.trimmed.sorted.bam	39
05_13_24_ENCMAY06_R1__E0000000__X00__240518_NextSeq_WW__001.trimmed.sorted.bam	383
05_13_24_ENCMAY09_R2__E0000000__X00__240518_NextSeq_WW__001.trimmed.sorted.bam	63
05_13_24_PLMAY05_R2__E0000000__X00__240518_NextSeq_WW__001.trimmed.sorted.bam	327
05_13_24_PLMAY06_R1__E0000000__X00__240518_NextSeq_WW__001.trimmed.sorted.bam	251
05_13_24_PLMAY07_R1__E0000000__X00__240518_NextSeq_WW__001.trimmed.sorted.bam	598
05_13_24_PLMAY08_R1__E0000000__X00__240518_NextSeq_WW__001.trimmed.sorted.bam	993
05_13_24_SBMAY09_R2__E0000000__X00__240518_NextSeq_WW__001.trimmed.sorted.bam	123
05_13_24_SBMAY12_R2__E0000000__X00__240518_NextSeq_WW__001.trimmed.sorted.bam	39
05_28_24_ENCMAY24_R1__E0000000__X00__240624_1_SG_WW__001.trimmed.sorted.bam	917
05_28_24_ENCMAY27_R2__E0000000__X00__240624_1_SG_WW__001.trimmed.sorted.bam	1700
05_28_24_PLMAY19_R1__E0000000__X00__240624_1_SG_WW__001.trimmed.sorted.bam	425
05_28_24_PLMAY20_R1__E0000000__X00__240624_1_SG_WW__001.trimmed.sorted.bam	482
05_28_24_PLMAY21_R1__E0000000__X00__240624_1_SG_WW__001.trimmed.sorted.bam	2585
05_28_24_PLMAY22_R1__E0000000__X00__240624_1_SG_WW__001.trimmed.sorted.bam	257
05_28_24_SBMAY21_R2__E0000000__X00__240624_1_SG_WW__001.trimmed.sorted.bam	1926
05_28_24_SBMAY23_R1__E0000000__X00__240624_1_SG_WW__001.trimmed.sorted.bam	1293
06_03_24_ENCMAY28_R1__E0000000__X00__240624_2_SG_WW__001.trimmed.sorted.bam	886
06_03_24_ENCMAY31_R1__E0000000__X00__240624_2_SG_WW__001.trimmed.sorted.bam	564
06_03_24_PLMAY26_R1__E0000000__X00__240624_2_SG_WW__001.trimmed.sorted.bam	4029.5
06_03_24_PLMAY27_R2__E0000000__X00__240624_2_SG_WW__001.trimmed.sorted.bam	1425
06_03_24_PLMAY28_R2__E0000000__X00__240624_2_SG_WW__001.trimmed.sorted.bam	9486
06_03_24_PLMAY29_R2__E0000000__X00__240624_2_SG_WW__001.trimmed.sorted.bam	1295
06_03_24_SBJUN02_R2__E0000000__X00__240624_2_SG_WW__001.trimmed.sorted.bam	3721
06_03_24_SBMAY28_R2__E0000000__X00__240624_2_SG_WW__001.trimmed.sorted.bam	4312
06_10_24_ENCJUN04_R2__E0000000__X00__240624_4_SG_WW__001.trimmed.sorted.bam	2615
06_10_24_ENCJUN05_R2__E0000000__X00__240624_4_SG_WW__001.trimmed.sorted.bam	18691
06_10_24_PLJUN02_R2__E0000000__X00__240624_4_SG_WW__001.trimmed.sorted.bam	2203
06_10_24_PLJUN03_R1__E0000000__X00__240624_4_SG_WW__001.trimmed.sorted.bam	1475
06_10_24_PLJUN04_R1__E0000000__X00__240624_4_SG_WW__001.trimmed.sorted.bam	15072.5
06_10_24_PLJUN05_R1__E0000000__X00__240624_4_SG_WW__001.trimmed.sorted.bam	1841
06_10_24_SBJUN04_R1__E0000000__X00__240624_4_SG_WW__001.trimmed.sorted.bam	6338
06_10_24_SBJUN09_R1__E0000000__X00__240624_4_SG_WW__001.trimmed.sorted.bam	2044
06_17_24_ENCJUN10_R2__E0000000__X00__240627_1_SG_WW__001.trimmed.sorted.bam	652
06_17_24_ENCJUN12_R1__E0000000__X00__240627_1_SG_WW__001.trimmed.sorted.bam	1186
06_17_24_PLJUN09_R2__E0000000__X00__240627_1_SG_WW__001.trimmed.sorted.bam	2129
06_17_24_PLJUN10_R2__E0000000__X00__240627_1_SG_WW__001.trimmed.sorted.bam	6975.5
06_17_24_PLJUN11_R2__E0000000__X00__240627_1_SG_WW__001.trimmed.sorted.bam	4438
06_17_24_PLJUN12_R1__E0000000__X00__240627_1_SG_WW__001.trimmed.sorted.bam	1577
06_17_24_SBJUN16_R1__E0000000__X00__240627_1_SG_WW__001.trimmed.sorted.bam	1669
06_18_24_SBJUN13_R2__E0000000__X00__240627_1_SG_WW__001.trimmed.sorted.bam	906
06_24_24_ENCJUN19_R2__E0000000__X00__240627_2_SG_WW__001.trimmed.sorted.bam	1477
06_24_24_ENCJUN20_R2__E0000000__X00__240627_2_SG_WW__001.trimmed.sorted.bam	4933
06_24_24_PLJUN16_R2__E0000000__X00__240627_2_SG_WW__001.trimmed.sorted.bam	2424
06_24_24_PLJUN17_R2__E0000000__X00__240627_2_SG_WW__001.trimmed.sorted.bam	7984
06_24_24_PLJUN18_R2__E0000000__X00__240627_2_SG_WW__001.trimmed.sorted.bam	2325
06_24_24_PLJUN19_R1__E0000000__X00__240627_2_SG_WW__001.trimmed.sorted.bam	2448
06_24_24_SBJUN20_R2__E0000000__X00__240627_2_SG_WW__001.trimmed.sorted.bam	252
06_24_24_SBJUN23_R2__E0000000__X00__240627_2_SG_WW__001.trimmed.sorted.bam	3684
07_01_24_ENCJUN26_R2__E0000000__X00__240712_1_SG_WW__001.trimmed.sorted.bam	1138
07_01_24_ENCJUN28_R2__E0000000__X00__240712_1_SG_WW__001.trimmed.sorted.bam	4061
07_01_24_PLJUN23_R2__E0000000__X00__240712_1_SG_WW__001.trimmed.sorted.bam	1418
07_01_24_PLJUN24_R1__E0000000__X00__240712_1_SG_WW__001.trimmed.sorted.bam	3440
07_01_24_PLJUN25_R2__E0000000__X00__240712_1_SG_WW__001.trimmed.sorted.bam	7054
07_01_24_PLJUN26_R1__E0000000__X00__240712_1_SG_WW__001.trimmed.sorted.bam	4399
07_01_24_SBJUN25_R1__E0000000__X00__240712_1_SG_WW__001.trimmed.sorted.bam	5726
07_01_24_SBJUN27_R2__E0000000__X00__240712_1_SG_WW__001.trimmed.sorted.bam	4954
07_08_24_ENCJUL03_R2__E0000000__X00__240712_2_SG_WW__001.trimmed.sorted.bam	3592
07_08_24_ENCJUL05_R1__E0000000__X00__240712_2_SG_WW__001.trimmed.sorted.bam	2171.5
07_08_24_PLJUL01_R1__E0000000__X00__240712_2_SG_WW__001.trimmed.sorted.bam	2856
07_08_24_PLJUL03_R2__E0000000__X00__240712_2_SG_WW__001.trimmed.sorted.bam	3643
07_08_24_PLJUL04_R1__E0000000__X00__240712_2_SG_WW__001.trimmed.sorted.bam	4327
07_08_24_PLJUN30_R1__E0000000__X00__240712_2_SG_WW__001.trimmed.sorted.bam	1229
07_08_24_SBJUL04_R2__E0000000__X00__240712_2_SG_WW__001.trimmed.sorted.bam	4708
07_08_24_SBJUL07_R2__E0000000__X00__240712_2_SG_WW__001.trimmed.sorted.bam	14591
07_15_24_ENCJUL09_R2__E0000000__X00__240718_SG_WW__001.trimmed.sorted.bam	1474
07_15_24_ENCJUL10_R1__E0000000__X00__240718_SG_WW__001.trimmed.sorted.bam	651
07_15_24_PLJUL07_R1__E0000000__X00__240718_SG_WW__001.trimmed.sorted.bam	607
07_15_24_PLJUL08_R2__E0000000__X00__240718_SG_WW__001.trimmed.sorted.bam	1864
07_15_24_PLJUL09_R1__E0000000__X00__240718_SG_WW__001.trimmed.sorted.bam	763
07_15_24_PLJUL10_R1__E0000000__X00__240718_SG_WW__001.trimmed.sorted.bam	637
07_15_24_SBJUL11_R1__E0000000__X00__240718_SG_WW__001.trimmed.sorted.bam	1174
07_15_24_SBJUL14_R2__E0000000__X00__240718_SG_WW__001.trimmed.sorted.bam	581
07_22_24_ENCJUL17_R1__E0000000__X00__240729_SG_WW__001.trimmed.sorted.bam	4058
07_22_24_ENCJUL18_R1__E0000000__X00__240729_SG_WW__001.trimmed.sorted.bam	2355
07_22_24_PLJUL14_R1__E0000000__X00__240729_SG_WW__001.trimmed.sorted.bam	3947
07_22_24_PLJUL15_R2__E0000000__X00__240729_SG_WW__001.trimmed.sorted.bam	5700
07_22_24_PLJUL16_R2__E0000000__X00__240729_SG_WW__001.trimmed.sorted.bam	4247
07_22_24_PLJUL17_R2__E0000000__X00__240729_SG_WW__001.trimmed.sorted.bam	10878
07_22_24_SBJUL18_R2__E0000000__X00__240729_SG_WW__001.trimmed.sorted.bam	14525
07_22_24_SBJUL21_R2__E0000000__X00__240729_SG_WW__001.trimmed.sorted.bam	11881
07_29_24_ENCJUL25_R2__E0000000__X00__240801_SG_WW__001.trimmed.sorted.bam	131
07_29_24_ENCJUL26_R1__E0000000__X00__240801_SG_WW__001.trimmed.sorted.bam	166
07_29_24_PLJUL21_R1__E0000000__X00__240801_SG_WW__001.trimmed.sorted.bam	93
07_29_24_PLJUL22_R1__E0000000__X00__240801_SG_WW__001.trimmed.sorted.bam	43
07_29_24_PLJUL23_R2__E0000000__X00__240801_SG_WW__001.trimmed.sorted.bam	87
07_29_24_PLJUL24_R2__E0000000__X00__240801_SG_WW__001.trimmed.sorted.bam	194
07_29_24_SBJUL23_R1__E0000000__X00__240801_SG_WW__001.trimmed.sorted.bam	777
07_29_24_SBJUL25_R1__E0000000__X00__240801_SG_WW__001.trimmed.sorted.bam	1018
08_05_24_ENCAUG01_R1__E0000000__X00__240808_SG_WW__001.trimmed.sorted.bam	3107
08_05_24_ENCJUL30_R2__E0000000__X00__240808_SG_WW__001.trimmed.sorted.bam	642
08_05_24_PLJUL28_R2__E0000000__X00__240808_SG_WW__001.trimmed.sorted.bam	1514
08_05_24_PLJUL29_R2__E0000000__X00__240808_SG_WW__001.trimmed.sorted.bam	2649.5
08_05_24_PLJUL30_R1__E0000000__X00__240808_SG_WW__001.trimmed.sorted.bam	4823
08_05_24_PLJUL31_R1__E0000000__X00__240808_SG_WW__001.trimmed.sorted.bam	5908
08_05_24_SBAUG01_R1__E0000000__X00__240808_SG_WW__001.trimmed.sorted.bam	23922
08_05_24_SBAUG04_R2__E0000000__X00__240808_SG_WW__001.trimmed.sorted.bam	10705.5
08_12_24_ENCAUG06_R2__E0000000__X00__240815_SG_WW__001.trimmed.sorted.bam	941
08_12_24_ENCAUG09_R1__E0000000__X00__240815_SG_WW__001.trimmed.sorted.bam	677
08_12_24_PLAUG04_R2__E0000000__X00__240815_SG_WW__001.trimmed.sorted.bam	1542
08_12_24_PLAUG05_R1__E0000000__X00__240815_SG_WW__001.trimmed.sorted.bam	2018
08_12_24_PLAUG06_R2__E0000000__X00__240815_SG_WW__001.trimmed.sorted.bam	1291
08_12_24_PLAUG07_R2__E0000000__X00__240815_SG_WW__001.trimmed.sorted.bam	2262
08_12_24_SBAUG06_R1__E0000000__X00__240815_SG_WW__001.trimmed.sorted.bam	4117
08_12_24_SBAUG11_R2__E0000000__X00__240815_SG_WW__001.trimmed.sorted.bam	4889
08_19_24_ENCAUG13_R1__E0000000__X00__240822_SG_WW__001.trimmed.sorted.bam	498
08_19_24_ENCAUG15_R2__E0000000__X00__240822_SG_WW__001.trimmed.sorted.bam	1056
08_19_24_PLAUG11_R1__E0000000__X00__240822_SG_WW__001.trimmed.sorted.bam	2353
08_19_24_PLAUG12_R1__E0000000__X00__240822_SG_WW__001.trimmed.sorted.bam	3334
08_19_24_PLAUG13_R1__E0000000__X00__240822_SG_WW__001.trimmed.sorted.bam	2524
08_19_24_PLAUG14_R1__E0000000__X00__240822_SG_WW__001.trimmed.sorted.bam	988
08_19_24_SBAUG13_R2__E0000000__X00__240822_SG_WW__001.trimmed.sorted.bam	10974
08_19_24_SBAUG15_R1__E0000000__X00__240822_SG_WW__001.trimmed.sorted.bam	5017
08_26_24_ENCAUG19_R2__E0000000__X00__240829_SG_WW__001.trimmed.sorted.bam	204
08_26_24_ENCAUG22_R1__E0000000__X00__240829_SG_WW__001.trimmed.sorted.bam	742
08_26_24_ENCAUG23_R2__E0000000__X00__240829_SG_WW__001.trimmed.sorted.bam	3391
08_26_24_PLAUG18_R2__E0000000__X00__240829_SG_WW__001.trimmed.sorted.bam	493
08_26_24_PLAUG19_R2__E0000000__X00__240829_SG_WW__001.trimmed.sorted.bam	1050
08_26_24_PLAUG20_R2__E0000000__X00__240829_SG_WW__001.trimmed.sorted.bam	2129
08_26_24_SBAUG20_R2__E0000000__X00__240829_SG_WW__001.trimmed.sorted.bam	1442
08_26_24_SBAUG22_R2__E0000000__X00__240829_SG_WW__001.trimmed.sorted.bam	3369
09_03_24_ENCAUG28_R2__E0000000__X00__240906_SG_WW__001.trimmed.sorted.bam	174
09_03_24_ENCAUG29_R2__E0000000__X00__240906_SG_WW__001.trimmed.sorted.bam	401
09_03_24_PLAUG25_R1__E0000000__X00__240906_SG_WW__001.trimmed.sorted.bam	377
09_03_24_PLAUG27_R1__E0000000__X00__240906_SG_WW__001.trimmed.sorted.bam	362
09_03_24_PLAUG28_R2__E0000000__X00__240906_SG_WW__001.trimmed.sorted.bam	189
09_03_24_SBAUG27_R2__E0000000__X00__240906_SG_WW__001.trimmed.sorted.bam	951
09_03_24_SBAUG29_R2__E0000000__X00__240906_SG_WW__001.trimmed.sorted.bam	5200
09_03_24_SBSEP01_R2__E0000000__X00__240906_SG_WW__001.trimmed.sorted.bam	189
09_10_24_ENCSEP02_R2__E0000000__X00__240912_SG_WW__001.trimmed.sorted.bam	56
09_10_24_ENCSEP04_R2__E0000000__X00__240912_SG_WW__001.trimmed.sorted.bam	1023
09_10_24_PLSEP01_R1__E0000000__X00__240912_SG_WW__001.trimmed.sorted.bam	385
09_10_24_PLSEP02_R1__E0000000__X00__240912_SG_WW__001.trimmed.sorted.bam	373
09_10_24_PLSEP03_R2__E0000000__X00__240912_SG_WW__001.trimmed.sorted.bam	460
09_10_24_SBSEP03_R1__E0000000__X00__240912_SG_WW__001.trimmed.sorted.bam	713
09_10_24_SBSEP05_R2__E0000000__X00__240912_SG_WW__001.trimmed.sorted.bam	2
09_10_24_SBSEP08_R1__E0000000__X00__240912_SG_WW__001.trimmed.sorted.bam	1417
09_16_24_ENCSEP010_R2__E0000000__X00__241003_SG_WW_1__001.trimmed.sorted.bam	29
09_16_24_ENCSEP09_R2__E0000000__X00__241003_SG_WW_1__001.trimmed.sorted.bam	143
09_16_24_ENCSEP13_R1__E0000000__X00__241003_SG_WW_1__001.trimmed.sorted.bam	24
09_16_24_PLSEP08_R2__E0000000__X00__241003_SG_WW_1__001.trimmed.sorted.bam	109
09_16_24_PLSEP10_R1__E0000000__X00__241003_SG_WW_1__001.trimmed.sorted.bam	75
09_16_24_PLSEP11_R1__E0000000__X00__241003_SG_WW_1__001.trimmed.sorted.bam	139
09_16_24_SBSEP10_R1__E0000000__X00__241003_SG_WW_1__001.trimmed.sorted.bam	114
09_16_24_SBSEP12_R1__E0000000__X00__241003_SG_WW_1__001.trimmed.sorted.bam	48
09_23_24_ENCSEP18_R2__E0000000__X00__241003_SG_WW_2__001.trimmed.sorted.bam	25
09_23_24_ENCSEP19_R2__E0000000__X00__241003_SG_WW_2__001.trimmed.sorted.bam	40
09_23_24_PLSEP15_R1__E0000000__X00__241003_SG_WW_2__001.trimmed.sorted.bam	183
09_23_24_PLSEP16_R2__E0000000__X00__241003_SG_WW_2__001.trimmed.sorted.bam	11
09_23_24_PLSEP17_R1__E0000000__X00__241003_SG_WW_2__001.trimmed.sorted.bam	579
09_23_24_PLSEP18_R2__E0000000__X00__241003_SG_WW_2__001.trimmed.sorted.bam	272
09_23_24_SBSEP17_R2__E0000000__X00__241003_SG_WW_2__001.trimmed.sorted.bam	2536.5
09_23_24_SBSEP22_R2__E0000000__X00__241003_SG_WW_2__001.trimmed.sorted.bam	10371
09_30_24_ENCSEP23_R1__E0000000__X00__241003_SG_WW_4__001.trimmed.sorted.bam	44
09_30_24_ENCSEP24_R2__E0000000__X00__241003_SG_WW_4__001.trimmed.sorted.bam	116
09_30_24_ENCSEP27_R1__E0000000__X00__241003_SG_WW_4__001.trimmed.sorted.bam	222
09_30_24_PLSEP22_R1__E0000000__X00__241003_SG_WW_4__001.trimmed.sorted.bam	895
09_30_24_PLSEP23_R2__E0000000__X00__241003_SG_WW_4__001.trimmed.sorted.bam	370
09_30_24_PLSEP25_R1__E0000000__X00__241003_SG_WW_4__001.trimmed.sorted.bam	201
09_30_24_SBSEP24_R2__E0000000__X00__241003_SG_WW_4__001.trimmed.sorted.bam	288
09_30_24_SBSEP26_R2__E0000000__X00__241003_SG_WW_4__001.trimmed.sorted.bam	452
10.04.23.ENCOCT02.R2__NA__NA__231006_WW__00X.trimmed.sorted.unfiltered.bam	3044
10.04.23.ENCSEP27.R2__NA__NA__231006_WW__00X.trimmed.sorted.unfiltered.bam	3156
10.04.23.PLOCT01.R1__NA__NA__231006_WW__00X.trimmed.sorted.unfiltered.bam	3180
10.04.23.PLOCT02.R1__NA__NA__231006_WW__00X.trimmed.sorted.unfiltered.bam	3024
10.04.23.SBOCT01.R1__NA__NA__231006_WW__00X.trimmed.sorted.unfiltered.bam	1877
10.04.23.SBSEP28.R2__NA__NA__231006_WW__00X.trimmed.sorted.unfiltered.bam	1753
10.06.23.PLOCT03.R2__NA__NA__231006_WW__00X.trimmed.sorted.unfiltered.bam	3085
10.06.23.PLOCT04.R1__NA__NA__231006_WW__00X.trimmed.sorted.unfiltered.bam	5128.5
10_07_24_ENCOCT01_R1__E0000000__X00__241018_SG_WW__001.trimmed.sorted.bam	35
10_07_24_ENCOCT02_R2__E0000000__X00__241018_SG_WW__001.trimmed.sorted.bam	98
10_07_24_PLOCT02_R1__E0000000__X00__241018_SG_WW__001.trimmed.sorted.bam	30
10_07_24_PLSEP29_R1__E0000000__X00__241018_SG_WW__001.trimmed.sorted.bam	84
10_07_24_PLSEP29_R2__E0000000__X00__241018_SG_WW__001.trimmed.sorted.bam	91
10_07_24_PLSEP30_R2__E0000000__X00__241018_SG_WW__001.trimmed.sorted.bam	47
10_07_24_SBOCT01_R1__E0000000__X00__241018_SG_WW__001.trimmed.sorted.bam	235
10_07_24_SBOCT03_R2__E0000000__X00__241018_SG_WW__001.trimmed.sorted.bam	260
10.11.23.ENCOCT05.R2.rerun__NA__NA__231023_WW__00X.trimmed.sorted.unfiltered.bam	13209
10.11.23.ENCOCT09.R2.rerun__NA__NA__231023_WW__00X.trimmed.sorted.unfiltered.bam	1718
10.11.23.PLOCT08.R1.rerun__NA__NA__231023_WW__00X.trimmed.sorted.unfiltered.bam	7095
10.11.23.PLOCT09.R2.rerun__NA__NA__231023_WW__00X.trimmed.sorted.unfiltered.bam	7569
10.11.23.SBOCT05.R1.rerun__NA__NA__231023_WW__00X.trimmed.sorted.unfiltered.bam	1329
10.11.23.SBOCT08.R1.rerun__NA__NA__231023_WW__00X.trimmed.sorted.unfiltered.bam	2160
10.13.23.PLOCT10.R2.rerun__NA__NA__231023_WW__00X.trimmed.sorted.unfiltered.bam	6786
10.13.23.PLOCT11.R2.rerun__NA__NA__231023_WW__00X.trimmed.sorted.unfiltered.bam	4492.5
10.18.23.ENCOCT13.R2__NA__NA__231027_WW__00X.trimmed.sorted.unfiltered.bam	7418
10.18.23.ENCOCT16.R1__NA__NA__231027_WW__00X.trimmed.sorted.unfiltered.bam	2480
10.18.23.PLOCT15.R2__NA__NA__231027_WW__00X.trimmed.sorted.unfiltered.bam	6772
10.18.23.PLOCT16.R2__NA__NA__231027_WW__00X.trimmed.sorted.unfiltered.bam	6917
10.18.23.SBOCT15.R1__NA__NA__231027_WW__00X.trimmed.sorted.unfiltered.bam	4766
10.18.23.SBOCT17.R1__NA__NA__231027_WW__00X.trimmed.sorted.unfiltered.bam	3481
10.20.23.PLOCT17.R2__NA__NA__231027_WW__00X.trimmed.sorted.unfiltered.bam	7046
10.20.23.PLOCT18.R2__NA__NA__231027_WW__00X.trimmed.sorted.unfiltered.bam	8976
10_21_24_ENCOCT14_R2__E0000000__X00__241024_SG_WW__001.trimmed.sorted.bam	22
10_21_24_ENCOCT14_R2__E0000000__X00__241024_SG_WW_combined__001.trimmed.sorted.bam	10
10_21_24_ENCOCT14_R2__E0000000__X00__241101_SG_WW_2__001.trimmed.sorted.bam	21
10_21_24_ENCOCT14_R2__E0000000__X00__241101_SG_WW_2_separate__001.trimmed.sorted.bam	26
10_21_24_ENCOCT14_R2_L001__E0000000__X00__241101_SG_WW_2_separate__001.trimmed.sorted.bam	26
10_21_24_ENCOCT14_R2_L002__E0000000__X00__241101_SG_WW_2_separate__001.trimmed.sorted.bam	29
10_21_24_ENCOCT14_R2_L003__E0000000__X00__241101_SG_WW_2_separate__001.trimmed.sorted.bam	18
10_21_24_ENCOCT14_R2_L004__E0000000__X00__241101_SG_WW_2_separate__001.trimmed.sorted.bam	22
10_21_24_ENCOCT16_R1__E0000000__X00__241024_SG_WW__001.trimmed.sorted.bam	85
10_21_24_ENCOCT16_R1__E0000000__X00__241024_SG_WW_combined__001.trimmed.sorted.bam	150
10_21_24_ENCOCT16_R1__E0000000__X00__241101_SG_WW_2__001.trimmed.sorted.bam	103
10_21_24_ENCOCT16_R1__E0000000__X00__241101_SG_WW_2_separate__001.trimmed.sorted.bam	39
10_21_24_ENCOCT16_R1_L001__E0000000__X00__241101_SG_WW_2_separate__001.trimmed.sorted.bam	39
10_21_24_ENCOCT16_R1_L002__E0000000__X00__241101_SG_WW_2_separate__001.trimmed.sorted.bam	35
10_21_24_ENCOCT16_R1_L003__E0000000__X00__241101_SG_WW_2_separate__001.trimmed.sorted.bam	45
10_21_24_ENCOCT16_R1_L004__E0000000__X00__241101_SG_WW_2_separate__001.trimmed.sorted.bam	50
10_21_24_PLOCT13_R1__E0000000__X00__241024_SG_WW__001.trimmed.sorted.bam	216
10_21_24_PLOCT13_R1__E0000000__X00__241024_SG_WW_combined__001.trimmed.sorted.bam	369
10_21_24_PLOCT13_R1__E0000000__X00__241101_SG_WW_2__001.trimmed.sorted.bam	209
10_21_24_PLOCT13_R1__E0000000__X00__241101_SG_WW_2_separate__001.trimmed.sorted.bam	65
10_21_24_PLOCT13_R1_L001__E0000000__X00__241101_SG_WW_2_separate__001.trimmed.sorted.bam	65
10_21_24_PLOCT13_R1_L002__E0000000__X00__241101_SG_WW_2_separate__001.trimmed.sorted.bam	62
10_21_24_PLOCT13_R1_L003__E0000000__X00__241101_SG_WW_2_separate__001.trimmed.sorted.bam	72
10_21_24_PLOCT13_R1_L004__E0000000__X00__241101_SG_WW_2_separate__001.trimmed.sorted.bam	94
10_21_24_PLOCT14_R1__E0000000__X00__241024_SG_WW__001.trimmed.sorted.bam	62
10_21_24_PLOCT14_R1__E0000000__X00__241024_SG_WW_combined__001.trimmed.sorted.bam	108
10_21_24_PLOCT14_R1__E0000000__X00__241101_SG_WW_2__001.trimmed.sorted.bam	68
10_21_24_PLOCT14_R1__E0000000__X00__241101_SG_WW_2_separate__001.trimmed.sorted.bam	25
10_21_24_PLOCT14_R1_L001__E0000000__X00__241101_SG_WW_2_separate__001.trimmed.sorted.bam	25
10_21_24_PLOCT14_R1_L002__E0000000__X00__241101_SG_WW_2_separate__001.trimmed.sorted.bam	27
10_21_24_PLOCT14_R1_L003__E0000000__X00__241101_SG_WW_2_separate__001.trimmed.sorted.bam	27
10_21_24_PLOCT14_R1_L004__E0000000__X00__241101_SG_WW_2_separate__001.trimmed.sorted.bam	30
10_21_24_PLOCT15_R2__E0000000__X00__241024_SG_WW__001.trimmed.sorted.bam	115
10_21_24_PLOCT15_R2__E0000000__X00__241024_SG_WW_combined__001.trimmed.sorted.bam	205
10_21_24_PLOCT15_R2__E0000000__X00__241101_SG_WW_2__001.trimmed.sorted.bam	121
10_21_24_PLOCT15_R2__E0000000__X00__241101_SG_WW_2_separate__001.trimmed.sorted.bam	44
10_21_24_PLOCT15_R2_L001__E0000000__X00__241101_SG_WW_2_separate__001.trimmed.sorted.bam	44
10_21_24_PLOCT15_R2_L002__E0000000__X00__241101_SG_WW_2_separate__001.trimmed.sorted.bam	38
10_21_24_PLOCT15_R2_L003__E0000000__X00__241101_SG_WW_2_separate__001.trimmed.sorted.bam	22
10_21_24_PLOCT15_R2_L004__E0000000__X00__241101_SG_WW_2_separate__001.trimmed.sorted.bam	58
10_21_24_PLOCT16_R1__E0000000__X00__241024_SG_WW__001.trimmed.sorted.bam	175
10_21_24_PLOCT16_R1__E0000000__X00__241024_SG_WW_combined__001.trimmed.sorted.bam	292
10_21_24_PLOCT16_R1__E0000000__X00__241101_SG_WW_2__001.trimmed.sorted.bam	164
10_21_24_PLOCT16_R1__E0000000__X00__241101_SG_WW_2_separate__001.trimmed.sorted.bam	53
10_21_24_PLOCT16_R1_L001__E0000000__X00__241101_SG_WW_2_separate__001.trimmed.sorted.bam	53
10_21_24_PLOCT16_R1_L002__E0000000__X00__241101_SG_WW_2_separate__001.trimmed.sorted.bam	57
10_21_24_PLOCT16_R1_L003__E0000000__X00__241101_SG_WW_2_separate__001.trimmed.sorted.bam	54
10_21_24_PLOCT16_R1_L004__E0000000__X00__241101_SG_WW_2_separate__001.trimmed.sorted.bam	83
10_21_24_SBOCT17_R2__E0000000__X00__241024_SG_WW__001.trimmed.sorted.bam	444
10_21_24_SBOCT17_R2__E0000000__X00__241024_SG_WW_combined__001.trimmed.sorted.bam	839
10_21_24_SBOCT17_R2__E0000000__X00__241101_SG_WW_2__001.trimmed.sorted.bam	476
10_21_24_SBOCT17_R2__E0000000__X00__241101_SG_WW_2_separate__001.trimmed.sorted.bam	119
10_21_24_SBOCT17_R2_L001__E0000000__X00__241101_SG_WW_2_separate__001.trimmed.sorted.bam	119
10_21_24_SBOCT17_R2_L002__E0000000__X00__241101_SG_WW_2_separate__001.trimmed.sorted.bam	125
10_21_24_SBOCT17_R2_L003__E0000000__X00__241101_SG_WW_2_separate__001.trimmed.sorted.bam	135
10_21_24_SBOCT17_R2_L004__E0000000__X00__241101_SG_WW_2_separate__001.trimmed.sorted.bam	185
10_21_24_SBOCT20_R1__E0000000__X00__241024_SG_WW__001.trimmed.sorted.bam	4
10_21_24_SBOCT20_R1__E0000000__X00__241024_SG_WW_combined__001.trimmed.sorted.bam	5
10_21_24_SBOCT20_R1__E0000000__X00__241101_SG_WW_2__001.trimmed.sorted.bam	5
10_21_24_SBOCT20_R1__E0000000__X00__241101_SG_WW_2_separate__001.trimmed.sorted.bam	8
10_21_24_SBOCT20_R1_L001__E0000000__X00__241101_SG_WW_2_separate__001.trimmed.sorted.bam	8
10_21_24_SBOCT20_R1_L002__E0000000__X00__241101_SG_WW_2_separate__001.trimmed.sorted.bam	10
10_21_24_SBOCT20_R1_L003__E0000000__X00__241101_SG_WW_2_separate__001.trimmed.sorted.bam	4
10_21_24_SBOCT20_R1_L004__E0000000__X00__241101_SG_WW_2_separate__001.trimmed.sorted.bam	4
10.25.23.ENCOCT19.R2__NA__NA__231027_WW__00X.trimmed.sorted.unfiltered.bam	2443.5
10.25.23.ENCOCT20.R2__NA__NA__231027_WW__00X.trimmed.sorted.unfiltered.bam	3233
10.25.23.PLOCT22.R2__NA__NA__231027_WW__00X.trimmed.sorted.unfiltered.bam	3337
10.25.23.PLOCT23.R2__NA__NA__231027_WW__00X.trimmed.sorted.unfiltered.bam	3677
10.25.23.SBOCT19.R1__NA__NA__231027_WW__00X.trimmed.sorted.unfiltered.bam	4207
10.25.23.SBOCT24.R1__NA__NA__231027_WW__00X.trimmed.sorted.unfiltered.bam	3331
10.27.23.PLOCT24.R2__NA__NA__231027_WW__00X.trimmed.sorted.unfiltered.bam	6391.5
10.27.23.PLOCT25.R1__NA__NA__231027_WW__00X.trimmed.sorted.unfiltered.bam	6608.5
10_28_24_ENCOCT21_R2__E0000000__X00__241101_SG_WW_3__001.trimmed.sorted.bam	36
10_28_24_PLOCT20_R1__E0000000__X00__241101_SG_WW_3__001.trimmed.sorted.bam	30
10_28_24_PLOCT21_R2__E0000000__X00__241101_SG_WW_3__001.trimmed.sorted.bam	95
10_28_24_PLOCT22_R1__E0000000__X00__241101_SG_WW_3__001.trimmed.sorted.bam	38
10_28_24_PLOCT23_R2__E0000000__X00__241101_SG_WW_3__001.trimmed.sorted.bam	43
10_28_24_SBOCT22_R2__E0000000__X00__241101_SG_WW_3__001.trimmed.sorted.bam	70
10_28_24_SBOCT24_R2__E0000000__X00__241101_SG_WW_3__001.trimmed.sorted.bam	33
10_28_24_SBOCT27_R2__E0000000__X00__241101_SG_WW_3__001.trimmed.sorted.bam	56
1.04.23.ENCDEC30.R1__NA__NA__230107_WW__00X.trimmed.sorted.unfiltered.bam	8260
1.04.23.ENCJAN04.R1__NA__NA__230107_WW__00X.trimmed.sorted.unfiltered.bam	3970
1.05.23.PLJAN01.R1__NA__NA__230107_WW__00X.trimmed.sorted.unfiltered.bam	10763
1.05.23.PLJAN02.R1__NA__NA__230107_WW__00X.trimmed.sorted.unfiltered.bam	9288
1.05.23.PLJAN03.R1__NA__NA__230107_WW__00X.trimmed.sorted.unfiltered.bam	10178
1.05.23.PLJAN04.R1__NA__NA__230107_WW__00X.trimmed.sorted.unfiltered.bam	6025
1.05.23.SBDEC30.R1__NA__NA__230107_WW__00X.trimmed.sorted.unfiltered.bam	7397.5
1.05.23.SBJAN03.R2__NA__NA__230107_WW__00X.trimmed.sorted.unfiltered.bam	6614
11.01.23.ENCOCT26.R2__NA__NA__231109_WW__00X.trimmed.sorted.unfiltered.bam	3167
11.01.23.ENCOCT27.R1__NA__NA__231109_WW__00X.trimmed.sorted.unfiltered.bam	3191
11.01.23.PLOCT29.R2__NA__NA__231109_WW__00X.trimmed.sorted.unfiltered.bam	4462
11.01.23.PLOCT30.R1__NA__NA__231109_WW__00X.trimmed.sorted.unfiltered.bam	4368
11.01.23.SBOCT26.R1__NA__NA__231109_WW__00X.trimmed.sorted.unfiltered.bam	7290
11.01.23.SBOCT31.R2__NA__NA__231109_WW__00X.trimmed.sorted.unfiltered.bam	3707
1.10.23.ENCJAN05.R2__NA__NA__230112_WW__00X.trimmed.sorted.unfiltered.bam	6411
1.10.23.ENCJAN06.R1__NA__NA__230112_WW__00X.trimmed.sorted.unfiltered.bam	12121
1.10.23.ENCJAN09.R2__NA__NA__230112_WW__00X.trimmed.sorted.unfiltered.bam	9355
11.03.23.PLNOV01.R2__NA__NA__231109_WW__00X.trimmed.sorted.unfiltered.bam	2667
11.03.23.PLOCT31.R1__NA__NA__231109_WW__00X.trimmed.sorted.unfiltered.bam	3711
11_04_24_ENCNOV01_R2_combined__E0000000__X00__241107_SG_WW_combined__001.trimmed.sorted.bam	218
11_04_24_ENCNOV01_R2__E0000000__X00__241107_SG_WW_3__001.trimmed.sorted.bam	80
11_04_24_ENCNOV01_R2_Z__E0000000__X00__241107_SG_WW_4__001.trimmed.sorted.bam	109
11_04_24_ENCOCT29_R1_combined__E0000000__X00__241107_SG_WW_combined__001.trimmed.sorted.bam	446
11_04_24_ENCOCT29_R1__E0000000__X00__241107_SG_WW_3__001.trimmed.sorted.bam	251
11_04_24_ENCOCT29_R1_Z__E0000000__X00__241107_SG_WW_4__001.trimmed.sorted.bam	184
11_04_24_ENCOCT30_R2_combined__E0000000__X00__241107_SG_WW_combined__001.trimmed.sorted.bam	870
11_04_24_ENCOCT30_R2__E0000000__X00__241107_SG_WW_3__001.trimmed.sorted.bam	306
11_04_24_ENCOCT30_R2_Z__E0000000__X00__241107_SG_WW_4__001.trimmed.sorted.bam	553
11_04_24_PLOCT27_R1_combined__E0000000__X00__241107_SG_WW_combined__001.trimmed.sorted.bam	229
11_04_24_PLOCT27_R1__E0000000__X00__241107_SG_WW_3__001.trimmed.sorted.bam	97
11_04_24_PLOCT27_R1_Z__E0000000__X00__241107_SG_WW_4__001.trimmed.sorted.bam	133
11_04_24_PLOCT28_R2_combined__E0000000__X00__241107_SG_WW_combined__001.trimmed.sorted.bam	124
11_04_24_PLOCT28_R2__E0000000__X00__241107_SG_WW_3__001.trimmed.sorted.bam	45
11_04_24_PLOCT28_R2_Z__E0000000__X00__241107_SG_WW_4__001.trimmed.sorted.bam	75
11_04_24_PLOCT29_R2_combined__E0000000__X00__241107_SG_WW_combined__001.trimmed.sorted.bam	510
11_04_24_PLOCT29_R2__E0000000__X00__241107_SG_WW_3__001.trimmed.sorted.bam	240
11_04_24_PLOCT29_R2_Z__E0000000__X00__241107_SG_WW_4__001.trimmed.sorted.bam	239
11_04_24_SBOCT29_R1_combined__E0000000__X00__241107_SG_WW_combined__001.trimmed.sorted.bam	122
11_04_24_SBOCT29_R1__E0000000__X00__241107_SG_WW_3__001.trimmed.sorted.bam	61
11_04_24_SBOCT29_R1_Z__E0000000__X00__241107_SG_WW_4__001.trimmed.sorted.bam	59
11_04_24_SBOCT31_R1_combined__E0000000__X00__241107_SG_WW_combined__001.trimmed.sorted.bam	405
11_04_24_SBOCT31_R1__E0000000__X00__241107_SG_WW_3__001.trimmed.sorted.bam	131
11_04_24_SBOCT31_R1_Z__E0000000__X00__241107_SG_WW_4__001.trimmed.sorted.bam	231
11.08.23.ENCNOV06.R1__NA__NA__231109_WW__00X.trimmed.sorted.unfiltered.bam	2829.5
11.08.23.ENCNOV07.R2__NA__NA__231109_WW__00X.trimmed.sorted.unfiltered.bam	2957
11.08.23.PLNOV05.R1__NA__NA__231109_WW__00X.trimmed.sorted.unfiltered.bam	3720
11.08.23.PLNOV06.R1__NA__NA__231109_WW__00X.trimmed.sorted.unfiltered.bam	4335
11.08.23.SBNOV02.R1__NA__NA__231109_WW__00X.trimmed.sorted.unfiltered.bam	3842
11.08.23.SBNOV05.R1__NA__NA__231109_WW__00X.trimmed.sorted.unfiltered.bam	4897.5
11_12_24_ENCNOV05_R2__E0000000__X00__241115_SG_WW__001.trimmed.sorted.bam	25
11_12_24_ENCNOV06_R1__E0000000__X00__241115_SG_WW__001.trimmed.sorted.bam	391
11_12_24_ENCNOV08_R1__E0000000__X00__241115_SG_WW__001.trimmed.sorted.bam	122
11_12_24_PLNOV03_R2__E0000000__X00__241115_SG_WW__001.trimmed.sorted.bam	184
11_12_24_PLNOV05_R1__E0000000__X00__241115_SG_WW__001.trimmed.sorted.bam	123
11_12_24_PLNOV06_R1__E0000000__X00__241115_SG_WW__001.trimmed.sorted.bam	232
11_12_24_SBNOV07_R2__E0000000__X00__241115_SG_WW__001.trimmed.sorted.bam	147
11_12_24_SBNOV10_R1__E0000000__X00__241115_SG_WW__001.trimmed.sorted.bam	50
11.13.23.PLNOV07.R2__NA__NA__231117_WW__00X.trimmed.sorted.unfiltered.bam	10986
11.13.23.PLNOV08.R2__NA__NA__231117_WW__00X.trimmed.sorted.unfiltered.bam	12472
11.15.23.ENCNOV09.R1__NA__NA__231117_WW__00X.trimmed.sorted.unfiltered.bam	5215.5
11.15.23.ENCNOV14.R2__NA__NA__231117_WW__00X.trimmed.sorted.unfiltered.bam	3823
11.15.23.PLNOV12.R1__NA__NA__231117_WW__00X.trimmed.sorted.unfiltered.bam	3175
11.15.23.PLNOV13.R2__NA__NA__231117_WW__00X.trimmed.sorted.unfiltered.bam	2495
11.17.23.PLNOV14.R1__NA__NA__231117_WW__00X.trimmed.sorted.unfiltered.bam	11950
11.17.23.PLNOV15.R1__NA__NA__231117_WW__00X.trimmed.sorted.unfiltered.bam	13066
11_18_24_ENCNOV12_R2__E0000000__X00__241125_SG_WW_2_separate__001.trimmed.sorted.bam	137
11_18_24_ENCNOV12_R2__E0000000__X00__241125_SG_WW_combined__001.trimmed.sorted.bam	954
11_18_24_ENCNOV12_R2_L001__E0000000__X00__241125_SG_WW_2_separate__001.trimmed.sorted.bam	137
11_18_24_ENCNOV12_R2_L002__E0000000__X00__241125_SG_WW_1_separate__001.trimmed.sorted.bam	145
11_18_24_ENCNOV12_R2_L002__E0000000__X00__241125_SG_WW_2_separate__001.trimmed.sorted.bam	144
11_18_24_ENCNOV12_R2_L003__E0000000__X00__241125_SG_WW_1_separate__001.trimmed.sorted.bam	153
11_18_24_ENCNOV12_R2_L003__E0000000__X00__241125_SG_WW_2_separate__001.trimmed.sorted.bam	142
11_18_24_ENCNOV12_R2_L004__E0000000__X00__241125_SG_WW_1_separate__001.trimmed.sorted.bam	167
11_18_24_ENCNOV12_R2_L004__E0000000__X00__241125_SG_WW_2_separate__001.trimmed.sorted.bam	153
11_18_24_ENCNOV14_R2__E0000000__X00__241125_SG_WW_2_separate__001.trimmed.sorted.bam	364
11_18_24_ENCNOV14_R2__E0000000__X00__241125_SG_WW_combined__001.trimmed.sorted.bam	2486
11_18_24_ENCNOV14_R2_L001__E0000000__X00__241125_SG_WW_2_separate__001.trimmed.sorted.bam	364
11_18_24_ENCNOV14_R2_L002__E0000000__X00__241125_SG_WW_1_separate__001.trimmed.sorted.bam	386
11_18_24_ENCNOV14_R2_L002__E0000000__X00__241125_SG_WW_2_separate__001.trimmed.sorted.bam	361
11_18_24_ENCNOV14_R2_L003__E0000000__X00__241125_SG_WW_1_separate__001.trimmed.sorted.bam	394
11_18_24_ENCNOV14_R2_L003__E0000000__X00__241125_SG_WW_2_separate__001.trimmed.sorted.bam	366
11_18_24_ENCNOV14_R2_L004__E0000000__X00__241125_SG_WW_1_separate__001.trimmed.sorted.bam	437
11_18_24_ENCNOV14_R2_L004__E0000000__X00__241125_SG_WW_2_separate__001.trimmed.sorted.bam	370
11_18_24_PLNOV10_R1__E0000000__X00__241125_SG_WW_2_separate__001.trimmed.sorted.bam	242
11_18_24_PLNOV10_R1__E0000000__X00__241125_SG_WW_combined__001.trimmed.sorted.bam	1643
11_18_24_PLNOV10_R1_L001__E0000000__X00__241125_SG_WW_2_separate__001.trimmed.sorted.bam	242
11_18_24_PLNOV10_R1_L002__E0000000__X00__241125_SG_WW_1_separate__001.trimmed.sorted.bam	259
11_18_24_PLNOV10_R1_L002__E0000000__X00__241125_SG_WW_2_separate__001.trimmed.sorted.bam	240
11_18_24_PLNOV10_R1_L003__E0000000__X00__241125_SG_WW_1_separate__001.trimmed.sorted.bam	266
11_18_24_PLNOV10_R1_L003__E0000000__X00__241125_SG_WW_2_separate__001.trimmed.sorted.bam	244
11_18_24_PLNOV10_R1_L004__E0000000__X00__241125_SG_WW_1_separate__001.trimmed.sorted.bam	307
11_18_24_PLNOV10_R1_L004__E0000000__X00__241125_SG_WW_2_separate__001.trimmed.sorted.bam	266
11_18_24_PLNOV11_R2__E0000000__X00__241125_SG_WW_2_separate__001.trimmed.sorted.bam	556
11_18_24_PLNOV11_R2__E0000000__X00__241125_SG_WW_combined__001.trimmed.sorted.bam	3783
11_18_24_PLNOV11_R2_L001__E0000000__X00__241125_SG_WW_2_separate__001.trimmed.sorted.bam	556
11_18_24_PLNOV11_R2_L002__E0000000__X00__241125_SG_WW_1_separate__001.trimmed.sorted.bam	579
11_18_24_PLNOV11_R2_L002__E0000000__X00__241125_SG_WW_2_separate__001.trimmed.sorted.bam	555
11_18_24_PLNOV11_R2_L003__E0000000__X00__241125_SG_WW_1_separate__001.trimmed.sorted.bam	604
11_18_24_PLNOV11_R2_L003__E0000000__X00__241125_SG_WW_2_separate__001.trimmed.sorted.bam	546
11_18_24_PLNOV11_R2_L004__E0000000__X00__241125_SG_WW_1_separate__001.trimmed.sorted.bam	666
11_18_24_PLNOV11_R2_L004__E0000000__X00__241125_SG_WW_2_separate__001.trimmed.sorted.bam	595
11_18_24_PLNOV12_R1__E0000000__X00__241125_SG_WW_2_separate__001.trimmed.sorted.bam	551
11_18_24_PLNOV12_R1__E0000000__X00__241125_SG_WW_combined__001.trimmed.sorted.bam	3782
11_18_24_PLNOV12_R1_L001__E0000000__X00__241125_SG_WW_2_separate__001.trimmed.sorted.bam	551
11_18_24_PLNOV12_R1_L002__E0000000__X00__241125_SG_WW_1_separate__001.trimmed.sorted.bam	562
11_18_24_PLNOV12_R1_L002__E0000000__X00__241125_SG_WW_2_separate__001.trimmed.sorted.bam	551
11_18_24_PLNOV12_R1_L003__E0000000__X00__241125_SG_WW_1_separate__001.trimmed.sorted.bam	585
11_18_24_PLNOV12_R1_L003__E0000000__X00__241125_SG_WW_2_separate__001.trimmed.sorted.bam	537
11_18_24_PLNOV12_R1_L004__E0000000__X00__241125_SG_WW_1_separate__001.trimmed.sorted.bam	660
11_18_24_PLNOV12_R1_L004__E0000000__X00__241125_SG_WW_2_separate__001.trimmed.sorted.bam	583
11_18_24_PLNOV13_R1__E0000000__X00__241125_SG_WW_2_separate__001.trimmed.sorted.bam	204
11_18_24_PLNOV13_R1__E0000000__X00__241125_SG_WW_combined__001.trimmed.sorted.bam	1363
11_18_24_PLNOV13_R1_L001__E0000000__X00__241125_SG_WW_2_separate__001.trimmed.sorted.bam	204
11_18_24_PLNOV13_R1_L002__E0000000__X00__241125_SG_WW_1_separate__001.trimmed.sorted.bam	213
11_18_24_PLNOV13_R1_L002__E0000000__X00__241125_SG_WW_2_separate__001.trimmed.sorted.bam	202
11_18_24_PLNOV13_R1_L003__E0000000__X00__241125_SG_WW_1_separate__001.trimmed.sorted.bam	230
11_18_24_PLNOV13_R1_L003__E0000000__X00__241125_SG_WW_2_separate__001.trimmed.sorted.bam	205
11_18_24_PLNOV13_R1_L004__E0000000__X00__241125_SG_WW_1_separate__001.trimmed.sorted.bam	245
11_18_24_PLNOV13_R1_L004__E0000000__X00__241125_SG_WW_2_separate__001.trimmed.sorted.bam	216
11_18_24_SBNOV12_R2__E0000000__X00__241125_SG_WW_2_separate__001.trimmed.sorted.bam	349
11_18_24_SBNOV12_R2__E0000000__X00__241125_SG_WW_combined__001.trimmed.sorted.bam	1377
11_18_24_SBNOV12_R2_L001__E0000000__X00__241125_SG_WW_2_separate__001.trimmed.sorted.bam	349
11_18_24_SBNOV12_R2_L002__E0000000__X00__241125_SG_WW_1_separate__001.trimmed.sorted.bam	364
11_18_24_SBNOV12_R2_L002__E0000000__X00__241125_SG_WW_2_separate__001.trimmed.sorted.bam	394.5
11_18_24_SBNOV12_R2_L003__E0000000__X00__241125_SG_WW_1_separate__001.trimmed.sorted.bam	387
11_18_24_SBNOV12_R2_L003__E0000000__X00__241125_SG_WW_2_separate__001.trimmed.sorted.bam	348
11_18_24_SBNOV12_R2_L004__E0000000__X00__241125_SG_WW_1_separate__001.trimmed.sorted.bam	97
11_18_24_SBNOV12_R2_L004__E0000000__X00__241125_SG_WW_2_separate__001.trimmed.sorted.bam	410
11_18_24_SBNOV17_R2__E0000000__X00__241125_SG_WW_2_separate__001.trimmed.sorted.bam	325
11_18_24_SBNOV17_R2__E0000000__X00__241125_SG_WW_combined__001.trimmed.sorted.bam	2146
11_18_24_SBNOV17_R2_L001__E0000000__X00__241125_SG_WW_2_separate__001.trimmed.sorted.bam	325
11_18_24_SBNOV17_R2_L002__E0000000__X00__241125_SG_WW_1_separate__001.trimmed.sorted.bam	334
11_18_24_SBNOV17_R2_L002__E0000000__X00__241125_SG_WW_2_separate__001.trimmed.sorted.bam	317
11_18_24_SBNOV17_R2_L003__E0000000__X00__241125_SG_WW_1_separate__001.trimmed.sorted.bam	347
11_18_24_SBNOV17_R2_L003__E0000000__X00__241125_SG_WW_2_separate__001.trimmed.sorted.bam	308
11_18_24_SBNOV17_R2_L004__E0000000__X00__241125_SG_WW_1_separate__001.trimmed.sorted.bam	372.5
11_18_24_SBNOV17_R2_L004__E0000000__X00__241125_SG_WW_2_separate__001.trimmed.sorted.bam	342
11.22.23.ENCNOV15.R1.rerun__NA__NA__231207_WW__00X.trimmed.sorted.unfiltered.bam	3451
11.22.23.ENCNOV20.R2.rerun__NA__NA__231207_WW__00X.trimmed.sorted.unfiltered.bam	4005
11.22.23.PLNOV19.R2.rerun__NA__NA__231207_WW__00X.trimmed.sorted.unfiltered.bam	6316
11.22.23.PLNOV20.R2.rerun__NA__NA__231207_WW__00X.trimmed.sorted.unfiltered.bam	2603
11.22.23.SBNOV19.R2.rerun__NA__NA__231207_WW__00X.trimmed.sorted.unfiltered.bam	5141
11.22.23.SBNOV21.R1.rerun__NA__NA__231207_WW__00X.trimmed.sorted.unfiltered.bam	4122.5
1.12.23.PLJAN08.R1__NA__NA__230112_WW__00X.trimmed.sorted.unfiltered.bam	12566
1.12.23.PLJAN09.R1__NA__NA__230112_WW__00X.trimmed.sorted.unfiltered.bam	10448.5
1.12.23.PLJAN10.R1__NA__NA__230112_WW__00X.trimmed.sorted.unfiltered.bam	12759.5
1.12.23.PLJAN11.R1__NA__NA__230112_WW__00X.trimmed.sorted.unfiltered.bam	9913.5
1.12.23.SBJAN10.R2__NA__NA__230112_WW__00X.trimmed.sorted.unfiltered.bam	7708
11_25_24_ENCNOV20_R1__E0000000__X00__241205_SG_WW_3__001.trimmed.sorted.bam	291
11_25_24_ENCNOV21_R2__E0000000__X00__241205_SG_WW_3__001.trimmed.sorted.bam	942
11_25_24_PLNOV17_R2__E0000000__X00__241205_SG_WW_3__001.trimmed.sorted.bam	722
11_25_24_PLNOV18_R2__E0000000__X00__241205_SG_WW_3__001.trimmed.sorted.bam	701
11_25_24_PLNOV19_R1__E0000000__X00__241205_SG_WW_3__001.trimmed.sorted.bam	513
11_25_24_PLNOV20_R2__E0000000__X00__241205_SG_WW_3__001.trimmed.sorted.bam	790
11_25_24_SBNOV19_R2__E0000000__X00__241205_SG_WW_3__001.trimmed.sorted.bam	446
11_25_24_SBNOV21_R2__E0000000__X00__241205_SG_WW_3__001.trimmed.sorted.bam	2372
11.27.23.PLNOV21.R2.rerun__NA__NA__231207_WW__00X.trimmed.sorted.unfiltered.bam	3297
11.27.23.PLNOV22.R2.rerun__NA__NA__231207_WW__00X.trimmed.sorted.unfiltered.bam	8171
11.29.23.ENCNOV24.R2.rerun__NA__NA__231207_WW__00X.trimmed.sorted.unfiltered.bam	1409
11.29.23.ENCNOV28.R2.rerun__NA__NA__231207_WW__00X.trimmed.sorted.unfiltered.bam	2986
11.29.23.PLNOV26.R1.rerun__NA__NA__231207_WW__00X.trimmed.sorted.unfiltered.bam	5744
11.29.23.PLNOV27.R2.rerun__NA__NA__231207_WW__00X.trimmed.sorted.unfiltered.bam	3119
11.29.23.SBNOV23.R2.rerun__NA__NA__231207_WW__00X.trimmed.sorted.unfiltered.bam	5169
11.29.23.SBNOV28.R2.rerun__NA__NA__231207_WW__00X.trimmed.sorted.unfiltered.bam	6562
1.16.24.ENCJAN08.R2__NA__NA__240126_WW__00X.trimmed.sorted.unfiltered.bam	6960
1.16.24.ENCJAN12.R2__NA__NA__240126_WW__00X.trimmed.sorted.unfiltered.bam	6817
1.16.24.PLJAN07.R2__NA__NA__240126_WW__00X.trimmed.sorted.unfiltered.bam	949
1.16.24.PLJAN08.R2__NA__NA__240126_WW__00X.trimmed.sorted.unfiltered.bam	7038
1.16.24.PLJAN09.R2__NA__NA__240126_WW__00X.trimmed.sorted.unfiltered.bam	12907
1.16.24.PLJAN10.R2__NA__NA__240126_WW__00X.trimmed.sorted.unfiltered.bam	14647
1.16.24.SBJAN11.R2__NA__NA__240126_WW__00X.trimmed.sorted.unfiltered.bam	3235
1.16.24.SBJAN14.R2__NA__NA__240126_WW__00X.trimmed.sorted.unfiltered.bam	10851
1.18.23.ENCJAN13.R2__NA__NA__220120_WW__00X.trimmed.sorted.unfiltered.bam	4116
1.18.23.ENCJAN13.R2__NA__NA__230120_WW__00X.trimmed.sorted.unfiltered.bam	4116
1.18.23.ENCJAN17.R2__NA__NA__230120_WW__00X.trimmed.sorted.unfiltered.bam	3853
1.19.23.PLJAN15.R2__NA__NA__230120_WW__00X.trimmed.sorted.unfiltered.bam	8960
1.19.23.PLJAN16.R1__NA__NA__230120_WW__00X.trimmed.sorted.unfiltered.bam	7193
1.19.23.PLJAN17.R2__NA__NA__230120_WW__00X.trimmed.sorted.unfiltered.bam	6861.5
1.19.23.PLJAN18.R1__NA__NA__230120_WW__00X.trimmed.sorted.unfiltered.bam	6193
1.19.23.SBJAN15.R1__NA__NA__230120_WW__00X.trimmed.sorted.unfiltered.bam	3016
1.19.23.SBJAN17.R2__NA__NA__230120_WW__00X.trimmed.sorted.unfiltered.bam	2048
12.01.23.PLNOV28.R1.rerun__NA__NA__231207_WW__00X.trimmed.sorted.unfiltered.bam	5789.5
12.01.23.PLNOV29.R1.rerun__NA__NA__231207_WW__00X.trimmed.sorted.unfiltered.bam	8972.5
12_02_24_ENCNOV27_R1__E0000000__X00__241205_SG_WW_4__001.trimmed.sorted.bam	506
12_02_24_ENCNOV28_R1__E0000000__X00__241205_SG_WW_4__001.trimmed.sorted.bam	2277
12_02_24_PLNOV24_R2__E0000000__X00__241205_SG_WW_4__001.trimmed.sorted.bam	358
12_02_24_PLNOV25_R2__E0000000__X00__241205_SG_WW_4__001.trimmed.sorted.bam	514
12_02_24_PLNOV26_R1__E0000000__X00__241205_SG_WW_4__001.trimmed.sorted.bam	2119
12_02_24_PLNOV27_R1__E0000000__X00__241205_SG_WW_4__001.trimmed.sorted.bam	663
12_02_24_SBNOV26_R2__E0000000__X00__241205_SG_WW_4__001.trimmed.sorted.bam	351
12_02_24_SBNOV28_R2__E0000000__X00__241205_SG_WW_4__001.trimmed.sorted.bam	1031
12.04.23.ENCDEC01.R2__NA__NA__231215_WW__00X.trimmed.sorted.unfiltered.bam	7316
12.04.23.ENCNOV29.R2__NA__NA__231215_WW__00X.trimmed.sorted.unfiltered.bam	5073
12.04.23.SBDEC03.R2__NA__NA__231215_WW__00X.trimmed.sorted.unfiltered.bam	9626.5
12.04.23.SBNOV30.R1__NA__NA__231215_WW__00X.trimmed.sorted.unfiltered.bam	7020.5
12_09_24_ENCDEC02_R1__E0000000__X00__241212_SG_WW__001.trimmed.sorted.bam	155
12_09_24_ENCDEC03_R2__E0000000__X00__241212_SG_WW__001.trimmed.sorted.bam	274
12_09_24_ENCDEC06_R2__E0000000__X00__241212_SG_WW__001.trimmed.sorted.bam	869
12_09_24_PLDEC01_R1__E0000000__X00__241212_SG_WW__001.trimmed.sorted.bam	138
12_09_24_PLDEC02_R2__E0000000__X00__241212_SG_WW__001.trimmed.sorted.bam	227
12_09_24_PLDEC03_R2__E0000000__X00__241212_SG_WW__001.trimmed.sorted.bam	382
12_09_24_SBDEC03_R2__E0000000__X00__241212_SG_WW__001.trimmed.sorted.bam	693
12_09_24_SBDEC08_R2__E0000000__X00__241212_SG_WW__001.trimmed.sorted.bam	403
12.11.23.ENCDEC04.R2__NA__NA__231215_WW__00X.trimmed.sorted.unfiltered.bam	3495
12.11.23.ENCDEC06.R1__NA__NA__231215_WW__00X.trimmed.sorted.unfiltered.bam	3887.5
12.11.23.PLDEC03.R1__NA__NA__231215_WW__00X.trimmed.sorted.unfiltered.bam	5244
12.11.23.PLDEC04.R2__NA__NA__231215_WW__00X.trimmed.sorted.unfiltered.bam	7557
12.11.23.PLDEC05.R2__NA__NA__231215_WW__00X.trimmed.sorted.unfiltered.bam	6792
12.11.23.PLDEC06.R1__NA__NA__231215_WW__00X.trimmed.sorted.unfiltered.bam	9626.5
12.11.23.SBDEC07.R1__NA__NA__231215_WW__00X.trimmed.sorted.unfiltered.bam	6630
12.11.23.SBDEC10.R1__NA__NA__231215_WW__00X.trimmed.sorted.unfiltered.bam	8618.5
12_16_24_ENCDEC09_R1__E0000000__X00__241219_SG_WW__001.trimmed.sorted.bam	84
12_16_24_ENCDEC10_R1__E0000000__X00__241219_SG_WW__001.trimmed.sorted.bam	416
12_16_24_ENCDEC12_R1__E0000000__X00__241219_SG_WW__001.trimmed.sorted.bam	195
12_16_24_PLDEC08_R1__E0000000__X00__241219_SG_WW__001.trimmed.sorted.bam	43
12_16_24_PLDEC10_R1__E0000000__X00__241219_SG_WW__001.trimmed.sorted.bam	345
12_16_24_PLDEC11_R1__E0000000__X00__241219_SG_WW__001.trimmed.sorted.bam	310
12_16_24_SBDEC12_R2__E0000000__X00__241219_SG_WW__001.trimmed.sorted.bam	1489
12_16_24_SBDEC15_R2__E0000000__X00__241219_SG_WW__001.trimmed.sorted.bam	1253
12.18.23.ENCDEC13.R2__NA__NA__231222_WW__00X.trimmed.sorted.unfiltered.bam	3099
12.18.23.ENCDEC15.R1__NA__NA__231222_WW__00X.trimmed.sorted.unfiltered.bam	3702
12.18.23.PLDEC10.R2__NA__NA__231222_WW__00X.trimmed.sorted.unfiltered.bam	4962.5
12.18.23.PLDEC11.R2__NA__NA__231222_WW__00X.trimmed.sorted.unfiltered.bam	4178
12.18.23.PLDEC12.R2__NA__NA__231222_WW__00X.trimmed.sorted.unfiltered.bam	7078
12.18.23.PLDEC13.R1__NA__NA__231222_WW__00X.trimmed.sorted.unfiltered.bam	5755.5
12.18.23.SBDEC12.R1__NA__NA__231222_WW__00X.trimmed.sorted.unfiltered.bam	5667
12.18.23.SBDEC14.R1__NA__NA__231222_WW__00X.trimmed.sorted.unfiltered.bam	9378.5
12.22.23.ENCDEC18.R2__NA__NA__231229_WW__00X.trimmed.sorted.unfiltered.bam	6
12.22.23.ENCDEC18.R2__NA__NA__240105_WW__00X.trimmed.sorted.unfiltered.bam	10994
12.22.23.ENCDEC21.R2__NA__NA__231229_WW__00X.trimmed.sorted.unfiltered.bam	8
12.22.23.ENCDEC21.R2__NA__NA__240105_WW__00X.trimmed.sorted.unfiltered.bam	7616
12.22.23.PLDEC17.R1__NA__NA__231229_WW__00X.trimmed.sorted.unfiltered.bam	11
12.22.23.PLDEC17.R1__NA__NA__240105_WW__00X.trimmed.sorted.unfiltered.bam	5802
12.22.23.PLDEC18.R2__NA__NA__231229_WW__00X.trimmed.sorted.unfiltered.bam	15
12.22.23.PLDEC18.R2__NA__NA__240105_WW__00X.trimmed.sorted.unfiltered.bam	9194
12.22.23.PLDEC19.R2__NA__NA__231229_WW__00X.trimmed.sorted.unfiltered.bam	11
12.22.23.PLDEC19.R2__NA__NA__240105_WW__00X.trimmed.sorted.unfiltered.bam	7929
12.22.23.PLDEC20.R1__NA__NA__231229_WW__00X.trimmed.sorted.unfiltered.bam	9
12.22.23.PLDEC20.R1__NA__NA__240105_WW__00X.trimmed.sorted.unfiltered.bam	12200
12.22.23.SBDEC19.R1__NA__NA__231229_WW__00X.trimmed.sorted.unfiltered.bam	4
12.22.23.SBDEC19.R1__NA__NA__240105_WW__00X.trimmed.sorted.unfiltered.bam	8988
12.22.23.SBDEC21.R2__NA__NA__231229_WW__00X.trimmed.sorted.unfiltered.bam	17
12.22.23.SBDEC21.R2__NA__NA__240105_WW__00X.trimmed.sorted.unfiltered.bam	13508.5
1.24.23.ENCJAN19.R2__NA__NA__230127_WW__00X.trimmed.sorted.unfiltered.bam	11476
1.24.23.ENCJAN23.R2__NA__NA__230127_WW__00X.trimmed.sorted.unfiltered.bam	3282
1.26.23.PLJAN22.R2__NA__NA__230127_WW__00X.trimmed.sorted.unfiltered.bam	11131.5
1.26.23.PLJAN23.R2__NA__NA__230127_WW__00X.trimmed.sorted.unfiltered.bam	12794
1.26.23.PLJAN24.R1__NA__NA__230127_WW__00X.trimmed.sorted.unfiltered.bam	9258
1.26.23.PLJAN25.R1__NA__NA__230127_WW__00X.trimmed.sorted.unfiltered.bam	8265
1.26.23.SBJAN19.R2__NA__NA__230127_WW__00X.trimmed.sorted.unfiltered.bam	3534
1.26.23.SBJAN23.R2__NA__NA__230127_WW__00X.trimmed.sorted.unfiltered.bam	2327
1.31.23.ENCJAN26.R2__NA__NA__230203_WW__00X.trimmed.sorted.unfiltered.bam	7063
1.31.23.ENCJAN30.R2__NA__NA__230203_WW__00X.trimmed.sorted.unfiltered.bam	477.5
2.03.23.PLFEB01.R1__NA__NA__230203_WW__00X.trimmed.sorted.unfiltered.bam	4403.5
2.03.23.PLJAN29.R1__NA__NA__230203_reanalysis_WW__00X.trimmed.sorted.unfiltered.bam	27264
2.03.23.PLJAN29.R1__NA__NA__230303_WW__00X.trimmed.sorted.unfiltered.bam	27264
2.03.23.PLJAN30.R1__NA__NA__230203_WW__00X.trimmed.sorted.unfiltered.bam	12717
2.03.23.PLJAN31.R1__NA__NA__230203_WW__00X.trimmed.sorted.unfiltered.bam	9962.5
2.03.23.SBJAN26.R2__NA__NA__230203_WW__00X.trimmed.sorted.unfiltered.bam	4101.5
2.03.23.SBJAN31.R2__NA__NA__230203_WW__00X.trimmed.sorted.unfiltered.bam	228
2.07.23.ENCFEB01.R1__NA__NA__230210_WW__00X.trimmed.sorted.unfiltered.bam	3776
2.07.23.ENCFEB02.R1__NA__NA__230210_WW__00X.trimmed.sorted.unfiltered.bam	3490
2.07.23.ENCUNKN.R1__NA__NA__230210_WW__00X.trimmed.sorted.unfiltered.bam	2499
2.09.23.PLFEB05.R1__NA__NA__230210_WW__00X.trimmed.sorted.unfiltered.bam	10361
2.09.23.PLFEB06.R1__NA__NA__230210_WW__00X.trimmed.sorted.unfiltered.bam	4782.5
2.10.23.SBFEB02.R1__NA__NA__230210_WW__00X.trimmed.sorted.unfiltered.bam	4137
2.10.23.SBFEB05.R1__NA__NA__230210_WW__00X.trimmed.sorted.unfiltered.bam	6095
2.10.23.SBFEB07.R1__NA__NA__230210_WW__00X.trimmed.sorted.unfiltered.bam	6661
2.14.23.ENCFEB08.R2__NA__NA__230217_WW__00X.trimmed.sorted.unfiltered.bam	5
2.14.23.ENCFEB08.rerun__NA__NA__230224_WW__00X.trimmed.sorted.unfiltered.bam	829
2.14.23.ENCFEB10.R2__NA__NA__230217_WW__00X.trimmed.sorted.unfiltered.bam	4
2.14.23.ENCFEB10.rerun__NA__NA__230224_WW__00X.trimmed.sorted.unfiltered.bam	2312
2.15.23.PLFEB12.R2__NA__NA__230217_WW__00X.trimmed.sorted.unfiltered.bam	10
2.15.23.PLFEB12.rerun__NA__NA__230224_WW__00X.trimmed.sorted.unfiltered.bam	1625
2.15.23.PLFEB13.R1__NA__NA__230217_WW__00X.trimmed.sorted.unfiltered.bam	9
2.15.23.PLFEB13.rerun__NA__NA__230224_WW__00X.trimmed.sorted.unfiltered.bam	1839
2.17.23.PLFEB14.R2__NA__NA__230217_WW__00X.trimmed.sorted.unfiltered.bam	8
2.17.23.PLFEB14.rerun__NA__NA__230224_WW__00X.trimmed.sorted.unfiltered.bam	616
2.17.23.PLFEB15.R1__NA__NA__230217_WW__00X.trimmed.sorted.unfiltered.bam	7
2.17.23.PLFEB15.rerun__NA__NA__230224_WW__00X.trimmed.sorted.unfiltered.bam	857
2.17.23.SBFEB12.R2__NA__NA__230217_WW__00X.trimmed.sorted.unfiltered.bam	9
2.17.23.SBFEB12.rerun__NA__NA__230224_WW__00X.trimmed.sorted.unfiltered.bam	2095
2.17.23.SBFEB16.R2__NA__NA__230217_WW__00X.trimmed.sorted.unfiltered.bam	8
2.17.23.SBFEB16.rerun__NA__NA__230224_WW__00X.trimmed.sorted.unfiltered.bam	1254
2.22.23.ENCFEB14.R1__NA__NA__230224_WW__00X.trimmed.sorted.unfiltered.bam	1032
2.22.23.ENCFEB17.R2__NA__NA__230224_WW__00X.trimmed.sorted.unfiltered.bam	816
2.22.23.ENCFEB21.R2__NA__NA__230224_WW__00X.trimmed.sorted.unfiltered.bam	405
2.22.23.PLFEB19.R1.HELENA__NA__NA__230224_WW__00X.trimmed.sorted.unfiltered.bam	351
2.22.23.PLFEB20.R1.HELENA__NA__NA__230224_WW__00X.trimmed.sorted.unfiltered.bam	262
2.22.23.PLFEB21.R1__NA__NA__230224_WW__00X.trimmed.sorted.unfiltered.bam	468
2.24.23.SBFEB19.R1__NA__NA__230224_WW__00X.trimmed.sorted.unfiltered.bam	26
2.24.23.SBFEB21.R1__NA__NA__230224_WW__00X.trimmed.sorted.unfiltered.bam	550
3.01.23.ENCFEB27.R1__NA__NA__230303_WW__00X.trimmed.sorted.unfiltered.bam	3077
3.01.23.ENCMAR01.R1__NA__NA__230303_WW__00X.trimmed.sorted.unfiltered.bam	6032
3.01.23.PLFEB26.R2__NA__NA__230303_WW__00X.trimmed.sorted.unfiltered.bam	2891
3.01.23.PLFEB27.R1__NA__NA__230303_WW__00X.trimmed.sorted.unfiltered.bam	3937
3.03.23.PLFEB28.R2__NA__NA__230303_WW__00X.trimmed.sorted.unfiltered.bam	3666
3.03.23.PLMAR01.R1__NA__NA__230303_WW__00X.trimmed.sorted.unfiltered.bam	6072
3.03.23.SBFEB23.R1__NA__NA__230303_WW__00X.trimmed.sorted.unfiltered.bam	5793
3.03.23.SBFEB28.R1__NA__NA__230303_WW__00X.trimmed.sorted.unfiltered.bam	3151.5
3.08.23.PLMAR05.R2__NA__NA__230310_WW__00X.trimmed.sorted.unfiltered.bam	6596
3.08.23.PLMAR06.R1__NA__NA__230310_WW__00X.trimmed.sorted.unfiltered.bam	4125
3.09.23.ENCMAR03.R2__NA__NA__230310_WW__00X.trimmed.sorted.unfiltered.bam	4805
3.09.23.ENCMAR07.R2__NA__NA__230310_WW__00X.trimmed.sorted.unfiltered.bam	3748.5
3.10.23.PLMAR07.R2__NA__NA__230310_WW__00X.trimmed.sorted.unfiltered.bam	5014.5
3.10.23.PLMAR08.R2__NA__NA__230310_WW__00X.trimmed.sorted.unfiltered.bam	9326
3.10.23.SBMAR05.R1__NA__NA__230310_WW__00X.trimmed.sorted.unfiltered.bam	3083
3.10.23.SBMAR09.R1__NA__NA__230310_WW__00X.trimmed.sorted.unfiltered.bam	3925
3.15.23.ENCMAR13.R1__NA__NA__2300317_WW__00X.trimmed.sorted.unfiltered.bam	2456
3.15.23.ENCMAR14.R2__NA__NA__2300317_WW__00X.trimmed.sorted.unfiltered.bam	2792
3.15.23.SBMAR12.R1__NA__NA__2300317_WW__00X.trimmed.sorted.unfiltered.bam	2037
3.17.23.PLMAR12.R1__NA__NA__2300317_WW__00X.trimmed.sorted.unfiltered.bam	4243
3.17.23.PLMAR13.R2__NA__NA__2300317_WW__00X.trimmed.sorted.unfiltered.bam	2418
3.17.23.PLMAR14.R2__NA__NA__2300317_WW__00X.trimmed.sorted.unfiltered.bam	5321.5
3.17.23.PLMAR15.R1__NA__NA__2300317_WW__00X.trimmed.sorted.unfiltered.bam	8758
3.22.23.SBMAR14.R1.rerun2__NA__NA__230330_WW_rerun__00X.trimmed.sorted.unfiltered.bam	1895
3.22.23.SBMAR16.R2.rerun2__NA__NA__230330_WW_rerun__00X.trimmed.sorted.unfiltered.bam	6495.5
3.22.23.SBMAR19.R2.rerun__NA__NA__230330_WW_rerun__00X.trimmed.sorted.unfiltered.bam	2789.5
3.23.23.ENCMAR17.R2.rerun2__NA__NA__230330_WW_rerun__00X.trimmed.sorted.unfiltered.bam	488
3.23.23.ENCMAR20.R2.rerun__NA__NA__230330_WW_rerun__00X.trimmed.sorted.unfiltered.bam	1522
3.23.23.ENCMAR21.R1.rerun2__NA__NA__230330_WW_rerun__00X.trimmed.sorted.unfiltered.bam	1335
3.24.23.PLMAR21.R2.rerun2__NA__NA__230330_WW_rerun__00X.trimmed.sorted.unfiltered.bam	5602
3.24.23.PLMAR22.R1.rerun2__NA__NA__230330_WW_rerun__00X.trimmed.sorted.unfiltered.bam	2626
3.29.23.PLMAR19.R1.rerun2__NA__NA__230330_WW_rerun__00X.trimmed.sorted.unfiltered.bam	3967
3.29.23.PLMAR20.R1.rerun2__NA__NA__230330_WW_rerun__00X.trimmed.sorted.unfiltered.bam	4624
3.29.23.PLMAR26.R1.rerun__NA__NA__230330_WW_rerun__00X.trimmed.sorted.unfiltered.bam	1956
3.29.23.SBMAR21.R1.rerun__NA__NA__230330_WW_rerun__00X.trimmed.sorted.unfiltered.bam	4926
3.31.23.PLMAR28.R1__NA__NA__230407_WW__00X.trimmed.sorted.unfiltered.bam	8189.5
3.31.23.PLMAR29.R2__NA__NA__230407_WW__00X.trimmed.sorted.unfiltered.bam	7717
4.05.23.PLAPR02.R1__NA__NA__230407_WW__00X.trimmed.sorted.unfiltered.bam	7342
4.05.23.PLAPR03.R1__NA__NA__230407_WW__00X.trimmed.sorted.unfiltered.bam	8226
4.05.23.SBMAR30.R2__NA__NA__230407_WW__00X.trimmed.sorted.unfiltered.bam	2382
4.06.23.ENCAPR04.R1__NA__NA__230407_WW__00X.trimmed.sorted.unfiltered.bam	2487
4.06.23.ENCMAR30.R2__NA__NA__230407_WW__00X.trimmed.sorted.unfiltered.bam	1525
4.07.23.PLAPR05.R2__NA__NA__230407_WW__00X.trimmed.sorted.unfiltered.bam	13141.5
4.12.23.ENCAPR06.R2__NA__NA__230414_WW__00X.trimmed.sorted.unfiltered.bam	3141
4.12.23.ENCAPR11.R1__NA__NA__230414_WW__00X.trimmed.sorted.unfiltered.bam	909
4.12.23.PLAPR09.R1__NA__NA__230414_WW__00X.trimmed.sorted.unfiltered.bam	6788
4.12.23.PLAPR10.R1__NA__NA__230414_WW__00X.trimmed.sorted.unfiltered.bam	5446.5
4.14.23.PLAPR11.R2__NA__NA__230414_WW__00X.trimmed.sorted.unfiltered.bam	12516
4.14.23.PLAPR12.R1__NA__NA__230414_WW__00X.trimmed.sorted.unfiltered.bam	5048.5
4_15_24_ENCAPR10__E0000000__X00__240418_WW_SG__001.trimmed.sorted.bam	124
4_15_24_ENCAPR10_R2__E0000000__X00__240420_NextSeq_WW__001.trimmed.sorted.bam	419
4_15_24_ENCAPR11__E0000000__X00__240418_WW_SG__001.trimmed.sorted.bam	2701.5
4_15_24_ENCAPR11_R1__E0000000__X00__240420_NextSeq_WW__001.trimmed.sorted.bam	888
4_15_24_PLAPR07__E0000000__X00__240418_WW_SG__001.trimmed.sorted.bam	1592
4_15_24_PLAPR07_R2__E0000000__X00__240420_NextSeq_WW__001.trimmed.sorted.bam	44
4_15_24_PLAPR08__E0000000__X00__240418_WW_SG__001.trimmed.sorted.bam	1772
4_15_24_PLAPR08_R1__E0000000__X00__240420_NextSeq_WW__001.trimmed.sorted.bam	191
4_15_24_PLAPR09__E0000000__X00__240418_WW_SG__001.trimmed.sorted.bam	1258
4_15_24_PLAPR09_R2__E0000000__X00__240420_NextSeq_WW__001.trimmed.sorted.bam	682
4_15_24_PLAPR10__E0000000__X00__240418_WW_SG__001.trimmed.sorted.bam	3849
4_15_24_PLAPR10_R1__E0000000__X00__240420_NextSeq_WW__001.trimmed.sorted.bam	617
4_15_24_SBAPR09__E0000000__X00__240418_WW_SG__001.trimmed.sorted.bam	2638
4_15_24_SBAPR09_R2__E0000000__X00__240420_NextSeq_WW__001.trimmed.sorted.bam	340
4_15_24_SBAPR11__E0000000__X00__240418_WW_SG__001.trimmed.sorted.bam	656
4_15_24_SBAPR11_R2__E0000000__X00__240420_NextSeq_WW__001.trimmed.sorted.bam	443
4.19.23.PLAPR16.R2__NA__NA__230502_WW__00X.trimmed.sorted.unfiltered.bam	3556
4.19.23.PLAPR17.R1__NA__NA__230502_WW__00X.trimmed.sorted.unfiltered.bam	2870.5
4.19.23.SBAPR04.R1__NA__NA__230502_WW__00X.trimmed.sorted.unfiltered.bam	2906
4.19.23.SBAPR09.R2__NA__NA__230502_WW__00X.trimmed.sorted.unfiltered.bam	2574
4.19.23.SBAPR16.R2__NA__NA__230502_WW__00X.trimmed.sorted.unfiltered.bam	315
4.20.23.ENCAPR18.R1__NA__NA__230502_WW__00X.trimmed.sorted.unfiltered.bam	2
4.21.23.PLAPR18.R1__NA__NA__230502_WW__00X.trimmed.sorted.unfiltered.bam	4101
4.21.23.PLAPR19.R2__NA__NA__230502_WW__00X.trimmed.sorted.unfiltered.bam	4468
4.26.23.PLAPR23.R2__NA__NA__230502_WW__00X.trimmed.sorted.unfiltered.bam	2364
4.26.23.SBAPR18.R2__NA__NA__230502_WW__00X.trimmed.sorted.unfiltered.bam	1119
4.26.23.SBAPR20.R1__NA__NA__230502_WW__00X.trimmed.sorted.unfiltered.bam	956
4.27.23.ENCAPR20.R2__NA__NA__230502_WW__00X.trimmed.sorted.unfiltered.bam	2308
4.27.23.ENCAPR24.R1__NA__NA__230502_WW__00X.trimmed.sorted.unfiltered.bam	172
4.27.23.ENCAPR25.R1__NA__NA__230502_WW__00X.trimmed.sorted.unfiltered.bam	1064
4.28.23.PLAPR25.R2__NA__NA__230502_WW__00X.trimmed.sorted.unfiltered.bam	1996.5
4.28.23.PLAPR26.R1__NA__NA__230502_WW__00X.trimmed.sorted.unfiltered.bam	7456.5
5.03.23.PLAPR30.R2__NA__NA__230505_WW__00X.trimmed.sorted.unfiltered.bam	7238
5.03.23.PLMAY01.R1__NA__NA__230505_WW__00X.trimmed.sorted.unfiltered.bam	14183
5.03.23.SBAPR26.R1__NA__NA__230505_WW__00X.trimmed.sorted.unfiltered.bam	3901
5.03.23.SBAPR30.R2__NA__NA__230505_WW__00X.trimmed.sorted.unfiltered.bam	4615
5.04.23.ENCAPR28.R1__NA__NA__230505_WW__00X.trimmed.sorted.unfiltered.bam	1446
5.04.23.ENCMAY02.R2__NA__NA__230505_WW__00X.trimmed.sorted.unfiltered.bam	853
5.05.23.PLMAY02.R2__NA__NA__230505_WW__00X.trimmed.sorted.unfiltered.bam	5047.5
5.05.23.PLMAY03.R2__NA__NA__230505_WW__00X.trimmed.sorted.unfiltered.bam	10261
5.10.23.PLMAY07.R2__NA__NA__230512_WW__00X.trimmed.sorted.unfiltered.bam	5252
5.10.23.PLMAY08.R1__NA__NA__230512_WW__00X.trimmed.sorted.unfiltered.bam	3729
5.10.23.SBMAY02.R1__NA__NA__230512_WW__00X.trimmed.sorted.unfiltered.bam	5488
5.10.23.SBMAY07.R2__NA__NA__230512_WW__00X.trimmed.sorted.unfiltered.bam	805
5.11.23.ENCMAY05.R2__NA__NA__230512_WW__00X.trimmed.sorted.unfiltered.bam	1433.5
5.11.23.ENCMAY09.R2__NA__NA__230512_WW__00X.trimmed.sorted.unfiltered.bam	2044
5.12.23.PLMAY09.R1__NA__NA__230512_WW__00X.trimmed.sorted.unfiltered.bam	5482.5
5.12.23.PLMAY10.R1__NA__NA__230512_WW__00X.trimmed.sorted.unfiltered.bam	5711
5.17.23.ENCMAY10.R2__NA__NA__230519_WW__00X.trimmed.sorted.unfiltered.bam	1408
5.17.23.ENCMAY12.R2__NA__NA__230519_WW__00X.trimmed.sorted.unfiltered.bam	7726
5.17.23.PLMAY14.R2__NA__NA__230519_WW__00X.trimmed.sorted.unfiltered.bam	7133.5
5.17.23.PLMAY15.R1__NA__NA__230519_WW__00X.trimmed.sorted.unfiltered.bam	9653
5.17.23.SBMAY09.R2__NA__NA__230519_WW__00X.trimmed.sorted.unfiltered.bam	2808.5
5.17.23.SBMAY14.R1__NA__NA__230519_WW__00X.trimmed.sorted.unfiltered.bam	13585.5
5.19.23.PLMAY16.R2__NA__NA__230519_WW__00X.trimmed.sorted.unfiltered.bam	8110
5.19.23.PLMAY17.R1__NA__NA__230519_WW__00X.trimmed.sorted.unfiltered.bam	10780
5_20_24_ENCMAY13_R1__E0000000__X00__240525_NextSeq_WW__001.trimmed.sorted.bam	2602
5_20_24_ENCMAY13_R1__E0000000__X00__240604_SG_WW__001.trimmed.sorted.bam	5352
5_20_24_ENCMAY14_R1__E0000000__X00__240525_NextSeq_WW__001.trimmed.sorted.bam	673
5_20_24_ENCMAY14_R1__E0000000__X00__240604_SG_WW__001.trimmed.sorted.bam	1695
5_20_24_ENCMAY15_R1__E0000000__X00__240525_NextSeq_WW__001.trimmed.sorted.bam	150
5_20_24_ENCMAY15_R1__E0000000__X00__240604_SG_WW__001.trimmed.sorted.bam	335
5_20_24_PLMAY12_R1__E0000000__X00__240525_NextSeq_WW__001.trimmed.sorted.bam	222
5_20_24_PLMAY12_R1__E0000000__X00__240604_SG_WW__001.trimmed.sorted.bam	509.5
5_20_24_PLMAY13_R2__E0000000__X00__240525_NextSeq_WW__001.trimmed.sorted.bam	291
5_20_24_PLMAY13_R2__E0000000__X00__240604_SG_WW__001.trimmed.sorted.bam	549
5_20_24_PLMAY14_R1__E0000000__X00__240525_NextSeq_WW__001.trimmed.sorted.bam	383
5_20_24_PLMAY14_R1__E0000000__X00__240604_SG_WW__001.trimmed.sorted.bam	455
5_20_24_PLMAY15_R1__E0000000__X00__240525_NextSeq_WW__001.trimmed.sorted.bam	868
5_20_24_PLMAY15_R1__E0000000__X00__240604_SG_WW__001.trimmed.sorted.bam	2033
5_20_24_SBMAY19_R1__E0000000__X00__240525_NextSeq_WW__001.trimmed.sorted.bam	5
5_20_24_SBMAY19_R1__E0000000__X00__240604_SG_WW__001.trimmed.sorted.bam	3
5.24.23.ENCMAY18.R1__NA__NA__230526_WW__00X.trimmed.sorted.unfiltered.bam	1745
5.24.23.ENCMAY23.R1__NA__NA__230526_WW__00X.trimmed.sorted.unfiltered.bam	1463
5.24.23.PLMAY21.R1__NA__NA__230526_WW__00X.trimmed.sorted.unfiltered.bam	6116.5
5.24.23.PLMAY22.R1__NA__NA__230526_WW__00X.trimmed.sorted.unfiltered.bam	2115
5.24.23.SBMAY18.R1__NA__NA__230526_WW__00X.trimmed.sorted.unfiltered.bam	3098
5.24.23.SBMAY21.R1__NA__NA__230526_WW__00X.trimmed.sorted.unfiltered.bam	2788.5
5.26.23.PLMAY23.R2__NA__NA__230526_WW__00X.trimmed.sorted.unfiltered.bam	5239
5.26.23.PLMAY24.R1__NA__NA__230526_WW__00X.trimmed.sorted.unfiltered.bam	692
5.31.23.ENCMAY26.R2__NA__NA__230602_WW__00X.trimmed.sorted.unfiltered.bam	10967.5
5.31.23.ENCMAY30.R1__NA__NA__230602_WW__00X.trimmed.sorted.unfiltered.bam	2336
5.31.23.PLMAY28.R1__NA__NA__230602_WW__00X.trimmed.sorted.unfiltered.bam	5623
5.31.23.PLMAY29.R2__NA__NA__230602_WW__00X.trimmed.sorted.unfiltered.bam	8457
5.31.23.SBMAY25.R1__NA__NA__230602_WW__00X.trimmed.sorted.unfiltered.bam	2803
5.31.23.SBMAY28.R1__NA__NA__230602_WW__00X.trimmed.sorted.unfiltered.bam	3859
6.02.23.PLMAY30.R2__NA__NA__230602_WW__00X.trimmed.sorted.unfiltered.bam	4395
6.02.23.PLMAY31.R1__NA__NA__230602_WW__00X.trimmed.sorted.unfiltered.bam	9843.5
6.07.23.ENCJUN06.R2__NA__NA__230609_WW__00X.trimmed.sorted.unfiltered.bam	0
6.07.23.ENCMAY31.R2__NA__NA__230609_WW__00X.trimmed.sorted.unfiltered.bam	1
6.07.23.PLJUN04.R1__NA__NA__230609_WW__00X.trimmed.sorted.unfiltered.bam	1
6.07.23.PLJUN05.R2__NA__NA__230609_WW__00X.trimmed.sorted.unfiltered.bam	0
6.07.23.SBJUN04.R1__NA__NA__230609_WW__00X.trimmed.sorted.unfiltered.bam	1
6.07.23.SBMAY30.R2__NA__NA__230609_WW__00X.trimmed.sorted.unfiltered.bam	1
6.09.23.PLJUN06.R1__NA__NA__230609_WW__00X.trimmed.sorted.unfiltered.bam	2
6.09.23.PLJUN07.R2__NA__NA__230609_WW__00X.trimmed.sorted.unfiltered.bam	0
6.14.23.SBJUN11.R2__NA__NA__230714_WW__00X.trimmed.sorted.unfiltered.bam	4
6.21.23.ENCJUN15.R2__NA__NA__230714_WW__00X.trimmed.sorted.unfiltered.bam	8
6.21.23.ENCJUN16.R2__NA__NA__230714_WW__00X.trimmed.sorted.unfiltered.bam	6
6.21.23.PLJUN18.R1__NA__NA__230714_WW__00X.trimmed.sorted.unfiltered.bam	5
6.21.23.PLJUN19.R1__NA__NA__230714_WW__00X.trimmed.sorted.unfiltered.bam	5
6.23.23.PLJUN20.R1__NA__NA__230714_WW__00X.trimmed.sorted.unfiltered.bam	7
6.23.23.PLJUN21.R2__NA__NA__230714_WW__00X.trimmed.sorted.unfiltered.bam	7
6.23.23.SBJUN13.R2__NA__NA__230714_WW__00X.trimmed.sorted.unfiltered.bam	4
6.23.23.SBJUN15.R2__NA__NA__230905_WW__00X.trimmed.sorted.unfiltered.bam	3396
6.28.23.ENCJUN21.R1__NA__NA__230905_WW__00X.trimmed.sorted.unfiltered.bam	1774
6.28.23.ENCJUN22.R1__NA__NA__230905_WW__00X.trimmed.sorted.unfiltered.bam	2213
6.28.23.PLJUN25.R2__NA__NA__230905_WW__00X.trimmed.sorted.unfiltered.bam	4387
6.28.23.PLJUN26.R2__NA__NA__230905_WW__00X.trimmed.sorted.unfiltered.bam	6466.5
6.30.23.PLJUN27.R2__NA__NA__230905_WW__00X.trimmed.sorted.unfiltered.bam	8514
6.30.23.PLJUN28.R1__NA__NA__230905_WW__00X.trimmed.sorted.unfiltered.bam	4841
7.07.23.ENCJUL06.R1__NA__NA__230905_WW__00X.trimmed.sorted.unfiltered.bam	2334
7.07.23.ENCJUN28.R1__NA__NA__230905_WW__00X.trimmed.sorted.unfiltered.bam	1124
7.07.23.PLJUL02.R1__NA__NA__230905_WW__00X.trimmed.sorted.unfiltered.bam	2658
7.07.23.PLJUL03.R2__NA__NA__230905_WW__00X.trimmed.sorted.unfiltered.bam	1376
7.07.23.SBJUL02.R2__NA__NA__230905_WW__00X.trimmed.sorted.unfiltered.bam	3012
7.07.23.SBJUL04.R2__NA__NA__230905_WW__00X.trimmed.sorted.unfiltered.bam	6317
7.07.23.SBJUN27.R1__NA__NA__230905_WW__00X.trimmed.sorted.unfiltered.bam	1292
7.10.23.PLJUL04.R1__NA__NA__230905_WW__00X.trimmed.sorted.unfiltered.bam	5897.5
7.10.23.PLJUL05.R1__NA__NA__230905_WW__00X.trimmed.sorted.unfiltered.bam	9563
7.12.23.ENCJUL07.R2__NA__NA__230911_WW__00X.trimmed.sorted.unfiltered.bam	3192
7.12.23.ENCJUL11.R1__NA__NA__230911_WW__00X.trimmed.sorted.unfiltered.bam	12044
7.12.23.SBJUL06.R2__NA__NA__230911_WW__00X.trimmed.sorted.unfiltered.bam	4150
7.12.23.SBJUL09.R2__NA__NA__230911_WW__00X.trimmed.sorted.unfiltered.bam	3207
7.13.23.PLJUL09.R1__NA__NA__230911_WW__00X.trimmed.sorted.unfiltered.bam	3881
7.13.23.PLJUL10.R1__NA__NA__230911_WW__00X.trimmed.sorted.unfiltered.bam	5219
7.14.23.PLJUL11.R1__NA__NA__230911_WW__00X.trimmed.sorted.unfiltered.bam	6388
7.14.23.PLJUL12.R1__NA__NA__230901_WW__00X.trimmed.sorted.unfiltered.bam	7787
7.19.23.ENCJUL14.R1__NA__NA__230901_WW__00X.trimmed.sorted.unfiltered.bam	3616
7.19.23.ENCJUL17.R1__NA__NA__230901_WW__00X.trimmed.sorted.unfiltered.bam	3815
7.19.23.PLJUL16.R1__NA__NA__230901_WW__00X.trimmed.sorted.unfiltered.bam	5489
7.19.23.PLJUL17.R1__NA__NA__230901_WW__00X.trimmed.sorted.unfiltered.bam	6491
7.19.23.SBJUL13.R1__NA__NA__230901_WW__00X.trimmed.sorted.unfiltered.bam	2275
7.19.23.SBJUL16.R2__NA__NA__230901_WW__00X.trimmed.sorted.unfiltered.bam	3931
7.26.23.ENCJUL20.R1__NA__NA__230816_WW__00X.trimmed.sorted.unfiltered.bam	2778
7.26.23.ENCJUL25.R2__NA__NA__230816_WW__00X.trimmed.sorted.unfiltered.bam	7784.5
7.26.23.PLJUL18.R1__NA__NA__230816_WW__00X.trimmed.sorted.unfiltered.bam	6558.5
7.26.23.PLJUL23.R2__NA__NA__230816_WW__00X.trimmed.sorted.unfiltered.bam	6337.5
7.26.23.PLJUL24.R2__NA__NA__230816_WW__00X.trimmed.sorted.unfiltered.bam	5607
7.26.23.SBJUL18.R2__NA__NA__230816_WW__00X.trimmed.sorted.unfiltered.bam	5673
7.26.23.SBJUL23.R1__NA__NA__230816_WW__00X.trimmed.sorted.unfiltered.bam	4652
7.28.23.PLJUL25.R2__NA__NA__230816_WW__00X.trimmed.sorted.unfiltered.bam	14012
7.28.23.PLJUL26.R2__NA__NA__230816_WW__00X.trimmed.sorted.unfiltered.bam	7691
8.09.23.PLAUG06.R2__NA__NA__230816_WW__00X.trimmed.sorted.unfiltered.bam	6800
8.09.23.PLAUG07.R1__NA__NA__230816_WW__00X.trimmed.sorted.unfiltered.bam	9377
8.09.23.SBAUG03.R1__NA__NA__230816_WW__00X.trimmed.sorted.unfiltered.bam	8304
8.09.23.SBAUG08.R1__NA__NA__230816_WW__00X.trimmed.sorted.unfiltered.bam	3608
8.11.23.ENCAUG03.R2__NA__NA__230816_WW__00X.trimmed.sorted.unfiltered.bam	2
8.11.23.ENCAUG03.R2.rerun__NA__NA__230926_WW__00X.trimmed.sorted.unfiltered.bam	1
8.11.23.ENCAUG04.R2__NA__NA__230816_WW__00X.trimmed.sorted.unfiltered.bam	2
8.11.23.ENCAUG04.R2.rerun__NA__NA__230926_WW__00X.trimmed.sorted.unfiltered.bam	2
8.11.23.PLAUG08.R1__NA__NA__230901_WW__00X.trimmed.sorted.unfiltered.bam	6558.5
8.11.23.PLAUG09.R2__NA__NA__230816_WW__00X.trimmed.sorted.unfiltered.bam	1
8.11.23.PLAUG09.R2.rerun__NA__NA__230926_WW__00X.trimmed.sorted.unfiltered.bam	1
8.23.23.PLAUG20.R1.rerun__NA__NA__231023_WW__00X.trimmed.sorted.unfiltered.bam	9752.5
8.23.23.PLAUG21.R1.rerun__NA__NA__231023_WW__00X.trimmed.sorted.unfiltered.bam	11150.5
8.25.23.PLAUG22.R2.rerun__NA__NA__231023_WW__00X.trimmed.sorted.unfiltered.bam	11341
8.25.23.PLAUG23.R1.rerun__NA__NA__231023_WW__00X.trimmed.sorted.unfiltered.bam	11371
8.30.23.ENCAUG23.R1__NA__NA__230901_WW__00X.trimmed.sorted.unfiltered.bam	8551
8.30.23.ENCAUG23.R2.rerun__NA__NA__230926_WW__00X.trimmed.sorted.unfiltered.bam	14021
8.30.23.ENCAUG28.R2__NA__NA__230901_WW__00X.trimmed.sorted.unfiltered.bam	9892
8.30.23.PLAUG27.R2__NA__NA__230901_WW__00X.trimmed.sorted.unfiltered.bam	6688
8.30.23.PLAUG27.R2.rerun__NA__NA__231023_WW__00X.trimmed.sorted.unfiltered.bam	2141
8.30.23.PLAUG28.R2__NA__NA__230901_WW__00X.trimmed.sorted.unfiltered.bam	5463.5
8.30.23.SBAUG27.R1__NA__NA__230901_WW__00X.trimmed.sorted.unfiltered.bam	5070
8.30.23.SBAUG29.R1__NA__NA__230901_WW__00X.trimmed.sorted.unfiltered.bam	9584
9.01.23.PLAUG29.R1__NA__NA__230901_WW__00X.trimmed.sorted.unfiltered.bam	7397.5
9.01.23.PLAUG30.R1__NA__NA__230901_WW__00X.trimmed.sorted.unfiltered.bam	10582
9.05.23.PLJUL19.R1__NA__NA__230911_WW__00X.trimmed.sorted.unfiltered.bam	3180.5
9.06.23.ENCAUG30.R1__NA__NA__230911_WW__00X.trimmed.sorted.unfiltered.bam	4394
9.06.23.ENCSEP05.R1__NA__NA__230911_WW__00X.trimmed.sorted.unfiltered.bam	4284
9.06.23.PLSEP03.R2__NA__NA__230911_WW__00X.trimmed.sorted.unfiltered.bam	5866
9.06.23.PLSEP04.R2__NA__NA__230911_WW__00X.trimmed.sorted.unfiltered.bam	8498
9.06.23.SBSEP03.R2__NA__NA__230911_WW__00X.trimmed.sorted.unfiltered.bam	8387
9.06.23.SBSEP05.R2__NA__NA__230911_WW__00X.trimmed.sorted.unfiltered.bam	10246.5
9.08.23.PLSEP05.R2__NA__NA__230911_WW__00X.trimmed.sorted.unfiltered.bam	10648
9.08.23.PLSEP06.R1__NA__NA__230911_WW__00X.trimmed.sorted.unfiltered.bam	12780
9.13.23.ENCSEP06.R2__NA__NA__230922_WW__00X.trimmed.sorted.unfiltered.bam	3173
9.13.23.ENCSEP12.R1__NA__NA__230922_WW__00X.trimmed.sorted.unfiltered.bam	5407
9.13.23.PLSEP10.R1__NA__NA__230922_WW__00X.trimmed.sorted.unfiltered.bam	10840
9.13.23.PLSEP11.R2__NA__NA__230922_WW__00X.trimmed.sorted.unfiltered.bam	10143.5
9.13.23.SBSEP07.R1__NA__NA__230922_WW__00X.trimmed.sorted.unfiltered.bam	8891.5
9.13.23.SBSEP12.R2__NA__NA__230922_WW__00X.trimmed.sorted.unfiltered.bam	8064
9.15.23.PLSEP12.R1__NA__NA__230922_WW__00X.trimmed.sorted.unfiltered.bam	10109
9.15.23.PLSEP13.R2__NA__NA__230922_WW__00X.trimmed.sorted.unfiltered.bam	13246
9.20.23.ENCSEP15.R1__NA__NA__230929_WW__00X.trimmed.sorted.unfiltered.bam	2817
9.20.23.ENCSEP19.R1__NA__NA__230929_WW__00X.trimmed.sorted.unfiltered.bam	4856
9.20.23.PLSEP17.R1__NA__NA__230929_WW__00X.trimmed.sorted.unfiltered.bam	6166
9.20.23.PLSEP18.R1__NA__NA__230929_WW__00X.trimmed.sorted.unfiltered.bam	2205
9.20.23.SBSEP14.R1__NA__NA__230929_WW__00X.trimmed.sorted.unfiltered.bam	5
9.20.23.SBSEP19.R2__NA__NA__230929_WW__00X.trimmed.sorted.unfiltered.bam	5
9.22.23.PLSEP19.R1__NA__NA__230929_WW__00X.trimmed.sorted.unfiltered.bam	13583
9.22.23.PLSEP20.R1__NA__NA__230929_WW__00X.trimmed.sorted.unfiltered.bam	15969.5
9.27.23.ENCSEP21.R2__NA__NA__230929_WW__00X.trimmed.sorted.unfiltered.bam	9320.5
9.27.23.ENCSEP25.R2__NA__NA__230929_WW__00X.trimmed.sorted.unfiltered.bam	4355
9.27.23.PLSEP24.R2__NA__NA__230929_WW__00X.trimmed.sorted.unfiltered.bam	5247.5
9.27.23.PLSEP25.R1__NA__NA__230929_WW__00X.trimmed.sorted.unfiltered.bam	3574
9.27.23.SBSEP21.R2__NA__NA__230929_WW__00X.trimmed.sorted.unfiltered.bam	10766
9.27.23.SBSEP24.R2__NA__NA__230929_WW__00X.trimmed.sorted.unfiltered.bam	7278.5
9.29.23.PLSEP26.R1__NA__NA__230929_WW__00X.trimmed.sorted.unfiltered.bam	10100
9.29.23.PLSEP27.R1__NA__NA__230929_WW__00X.trimmed.sorted.unfiltered.bam	9826
